pn_num,predictions
16,['palpitations']
41,['none']
46,['palpitations']
82,['none']
100,['light headedness']
161,['none']
188,['none']
211,['palpitations']
224,['heart pounding']
225,['none']
234,['none']
331,['palpitations']
344,['none']
352,['palpitations']
372,['none']
390,"['chest pressure, heart pounding, loss of consciousness, pressure in chest, pounding heart, heart palpitations, heart racing, heart fluttering, heart beating fast, heart beating hard, heart beating hard, heart beating hard, heart beating hard, heart beating hard, heart beating hard, heart beating hard, heart beating hard, heart beating hard, heart beating hard, heart beating hard, heart beating hard, heart beating hard, heart beating hard, heart beating hard, heart beating hard, heart beating hard, heart beating hard, heart beating hard, heart beating hard, heart beating hard, heart beating hard, heart beating']"
426,['none']
464,['none']
489,['none']
495,['none']
510,['none']
575,['none']
583,['none']
585,['none']
625,['none']
653,['none']
669,['none']
673,['palpitations']
699,['none']
701,['none']
719,['none']
768,"['chest pain, loc, fatigue, anxiety, sweating, neck swelling, heat intolerance, rash, leg swelling, sleep disturbance, excessive caffeine intake, headache, changes in bowel movement']"
769,['none']
777,['palpitations']
796,['heart pounding']
804,['none']
810,['none']
816,['heart pounding']
817,['palpitations']
821,['none']
831,['palpitations']
861,['chest pounding']
883,['none']
970,['palpitations']
977,['heart pounding']
987,['palpitations']
1010,['pounding heart']
1110,['palpitations']
1115,['none']
1133,['none']
1146,['palpitations']
1149,['palpitations']
1151,['none']
1165,['heart racing']
1173,['none']
1186,['none']
1200,['none']
1209,['heart beating out of my chest']
1235,['chest pain']
1250,['none']
1264,['none']
1270,['none']
1281,['none']
1318,"['palpitations, tachycardia, chest pressure, shortness of breath']"
1376,['none']
1512,['none']
1547,['racing heart']
1581,['palpitations']
1587,['rapid heart beating in chest']
1613,['none']
1622,['none']
1652,['palpitations']
1692,['palpitations']
1694,"['racing of heart for 3 months, episodic, last episode 2 days back when playing basketball associated with sob, lightheadedness.']"
1699,['none']
1723,['palpitations']
1742,['none']
1809,['none']
1835,['palpitations']
1847,['palpitations']
1855,['palpitations']
1881,['none']
1939,['none']
1948,['none']
2078,['heart pounding']
2151,['chest pounding']
2163,['none']
2184,['irregular heartbeat/pounding in chest']
2198,['palpitations']
2201,['palpitations']
2223,['palpitations']
2271,['none']
2285,['heart pounding']
2290,['palpitations']
2308,['none']
2315,['none']
2425,['palpitation']
2428,['none']
2430,['none']
2436,['chest palpitations']
10004,['right lower quadrant pain']
10010,['abdominal pain']
10013,['none']
10019,['right lower quadrant pain']
10028,['dull aching rlq pain']
10030,['pain in right lower quadrant']
10044,['diarrhea']
10047,['diarrhea']
10067,"['pain, right lower quadrant']"
10075,['pain located in right lower quadrant']
10101,['right lower quadrant pain']
10123,['abdominal pain right lower quadrant']
10124,['right lower abdominal pain']
10131,['dull achy pain right lower quadrant']
10132,['abdominal pain right lower quadrant constant dull aching cramps 5/10 pain']
10137,['abdominal pain']
10174,"['pain, right lower quadrant, 5/10, achey/crampy, no radiation']"
10180,['abdominal pain rlq']
10181,['right lower quadrant pain']
10182,"['pain, rlq quadrant, dull, achy, 5/10, constant, no improvement with ibuprofen, similar symptoms 2-3x in last 6 months, diarrhea last 2 days']"
10183,"['abdominal pain (crampy, dull, achy, right lower quadrant)']"
10192,['abdominal pain']
10196,['right lower quadrant pain']
10201,['abdominal pain right lower quadrant']
10206,"['abdominal pain, rlq, episodic, 5/10, constant, walking aggrivates, ibuprofen minimally relieved, 3-4x last 6 months, current episode worst ever, 6 months onset, getting worse, diarrhea 4-5x per day for last 2-3 days, decreased appetite, no fevers, chills, n/v, back pain, numbness, parasthsias, chest pain, sob, none, ibupfrofen 200 mg 3 tablets']"
10216,"['pain, right lower quadrant, 5/10 intensity, dull, aching, aggravated by walking, chronic, worsening, 10 years']"
10223,['diarrhea']
10227,"['pain, crampy, dull, right lower quadrant, 5/10 severity, exacerbated walking, relieved ibuprofen 200mg']"
10228,['diarrhea']
10233,"['abdominal pain, lower right quadrant, 5/10 severity, dull-aching cramp, progressive, worsened by walking']"
10267,['looser fitting clothes-diarrhea-anorexia-rlq pain']
10268,['dull/achy pain']
10269,['right lower quadrant pain']
10316,"['dull, achy, abdominal pain']"
10321,['rectal pain']
10329,"['pain, right lower quadrant']"
10341,['right lower quadrant abdominal pain']
10345,['diarrhea']
10354,['right lower quadrant pain']
10358,['right lower quadrant pain (5/10)']
10360,['right lower quadrant abdominal pain']
10368,"['abdominal pain, right lower quadrant, 5/10 intensity, dull, achy, aggravated by walking, mildly alleviated by ibuprofen, started when sleeping']"
10369,['right lower quadrant pain']
10384,"['abdominal pain, lower right quadrant, constant, getting worse, dull, 5/10 severity, no radiation, exacerbated by movement, walking, relived by ibuprofen, similar episodes, 3-4 episodes over the last few months, brown diarrhea over the past month, weight loss, no change in appetites, menarche at age 13, last menstrual perior 2 weeks ago, regular q 1month, last of 4 days, sexually active 9 months ago, use condom consistency, no history of']"
10414,['abdominal pain']
10420,['right lower quadrant pain']
10426,['lower right quadrant pain']
10454,"['abdominal pain mild-moderate intensity without radiation and achy, constant since onset, no variation with position. it is associated with watery diarrhea 4-5x/daily for the past several days. no hemotochezia, melena, pain with defecation. no n/v.']"
10459,['right lower quadrant abdominal pain']
10460,['none']
10476,"['pain, right lower quadrant']"
10487,['recurrent right lower quadrant pain (3-4times/6months)']
10502,['right lower quadrant pain']
10530,['right lower quadrant pain']
10534,['rlq']
10536,"['pain in right lower abdomen for 8-10 hrs. it is dull,achy kind of pain. scores it 5/10 on intensity,there is no radiation of the pain. aggravates on walking and relieves for a while by ibuprofen. she had episodes of diarrhea for couple of days recently. it occured 4-5 times per days, it was brown in color, no blood was seen in it. she has no fever,no burning urination,no back pain,no any vaginal discharge, her appetite has decreased today.']"
10537,"['dull ache rlq 5/10 constant, worse walking, diminished by ibuprofen']"
10538,"['diarrhea, watery brown diarrhea, diarrhea for the past few days,']"
10542,['rlq pain']
10555,['diarrhea']
10589,['none']
10592,['dull abdominal pain']
10593,['right lower quadrant pain']
10608,"['pain, abdominal, right lower quadrant, constant, 5/10 intensity, worsening, non-radiating, worsened by movement, nonexistent relief with ibuprofen']"
10620,['right lower quadrant abdominal pain (dull/alchy)']
10622,"['diarrhea, -abdominal pain, -appetite loss, -nausea, -vomiting']"
10639,['right lower quadrant pain']
10645,['right lower quadrant pain']
10646,['right lower quadrant pain']
10659,['diarrhea']
10665,"['pain, right lower quadrant']"
10693,['lower right quadrant abdominal pain']
10738,['right lower quadrant pain']
10747,"[""abdominal pain, right lower quadrant, dull and achy and cramping pain, no radiation, 5/10 severity, constant progressive pain, no precipitating factor, worse with walking, better with ibuprofen but now doesn't work, no nausea, no vomiting, no fever sense, diarrhea, brownish non bloody stool""]"
10750,['rlq abdominal pain']
10772,"['pain, abdominal, rlq, cramping, achy, constant, dull, 5/10 severity, worse with walking, no relief with ibuprofen']"
10780,['pain in llq']
10785,['abdominal pain']
10814,['none']
10819,['abdominal pain']
10820,['right lower abdominal pain']
10822,['diarrhea']
10846,['none']
10847,"['pain, right lower quadrant, 5/10, constant, 8 hours duration, achy, exacerbated by walking, alleviated by ibuprofen']"
10850,"['pain, dull, achy, cramp, moderate, constant, rlq, non-radiating, ibuprofen helps a little, walking makes pain worse, menstrual pain moderate, normal menstrual cycles, pain lasts a couple hours, goes away']"
10851,['right lower quadrant pain']
10852,['dull pain']
10854,['crampy rlq pain 5/10']
10860,['rlq abdominal pain']
10869,['rlq abdominal pain']
10873,"['pain, lower right quadrant, constant, 5/10, worsening, 8-10hrs, sudden, crampy, non-radiating, 3-4x/month, ibprofen non-relieving, worsened with walking, 5/10, 3-4x/month, loose, watery, brown diarrhea, loose, watery, brown diarrhea, weight loss, loose, watery, brown diarrhea, loose, watery, brown diarrhea, loose, water']"
10888,['diarrhea']
10911,['dull pain']
10926,['rlq abdominal pain']
10944,"['pain, right lower quadrant']"
10952,['right lower quadrant pain']
10968,['diarrhea']
10970,['diarrhea']
10972,['right lower quadrant pain']
10988,['diarrhea']
20001,['irregular periods']
20040,['none']
20118,['irregular periods']
20158,['irregular menstruation']
20167,['hot flashes']
20169,['irregular periods last 3 years with cycles between 3 weeks and 4 months']
20203,['hot flashes']
20225,['irregular periods']
20259,['none']
20260,"['irregular periods starting 3 years ago. lmp was 2 months ago. periods previously regular, now up to 4 months apart with 2-6 d of bleeding. no pain with these periods and flow can range between heavy and light.']"
20299,['irregular periods 28-29 days to 3 weeks to 4 months']
20303,['irregular periods (44 yo f)']
20304,['irregular periods']
20360,['irregular periods']
20377,['irregular periods for the past three years']
20383,['irregular periods']
20388,['hot flashes']
20410,['irregular periods']
20445,"['irregular periods (4-6 days, 3 weeks to 4 months, light to heavy)']"
20458,['irregular bleeding']
20492,['irregular periods (3 weeks to 4 months)']
20507,['irregular menstrual periods']
20540,['irregular periods (range from 2-6 days in length with her cycles lasting from 3 weeks to 4 months)']
20572,['irregular periods']
20588,['irregular menses']
20619,['irregular periods for past 3 years']
20631,['irregular periods 3 years']
20643,['irregular periods (3 yrs)']
20666,['irregular periods']
20683,['irregular periods-unpredictable periods-low to high flow-menstrual cramps-breast tenderness-hot flashes-sweating-night sweats']
20747,['irregular menstrual periods']
20755,['irregular periods']
20772,['dyspareunia-vaginal dryness-cramps with menstruation-back pain-sleeping']
20791,['hot flashes']
20877,['irregular menstrual pattern']
20895,['irregular periods']
20926,['irregular periods (3 years)']
21030,['irregular periods for 3 years']
21051,['none']
21054,['irregular period x 3 y.o.']
21055,['irregular periods']
21113,"['irregular periods, -bleeding, -hot flashes, -sweating, -vaginal dryness, -vaginal discomfort']"
21114,['none']
21133,['irregular periods']
21137,['irregular periods']
21141,['irregular periods for 3 years']
21151,['hot flashes']
21184,['irregular periods']
21188,['irregular periods for 3 years.']
21214,"['irregular periods', 'hot flashes']"
21219,['irregular periods']
21268,"['irregular period, x 3yrs, worse w/nothing, better w/ nothing. before 3yrs ago, her cycle was 25-28days, duration was range from 4-5days, with moderate flow.']"
21269,['irregular periods 3 years']
21282,['irregular periods']
21285,['none']
21288,['irregular menstruation']
21310,['irregular periods']
21317,['none']
21324,['irregular periods']
21325,"['irregular periods (no pattern to occurence, 2-6 days in length when they do occur, light-heavy flow)']"
21372,['irregular periods (3 years)']
21391,['hot flashes']
21427,['irregular periods of 3yr duration']
21496,['none']
21532,"['irregular periods for the last 3 years. periods last 2-6 days every 3w to 4 months and are light to heavy. hot flashes and sweeting 1-2x/months and vaginal dryness. terminal insomnia since a few months not associated to any worries. no pattern. no spotting, no vag discharges, no itching. nothing precipitates symptoms.']"
21538,['irregular periods for 3 years.']
21540,"['irregular periods, now 2-6 days, some heavy or light, range of 5-6 pads, last 5 days of flow, now 2-3 pads. lmp 2 mo ago. menarche was 14y. vaginal dryness. hot flashes, sweating. no vaginal itching, discharge, breast tenderness/fullness, changes in voice/water/skin/hair/vision, headache, mood, cold intolerance, lad, myalgia, abdominal pain, hernitis. sexually active']"
21576,['irregular periods']
21591,['irregular periods']
21614,['amenorrhea']
21621,['none']
21627,['hot flashes']
21630,['irregular periods (1)']
21681,['irregular periods']
21686,['irregular periods for 3 years']
21706,['irregular perios over the last 3 years']
21724,['irregular periods']
21730,['irregular menses']
21773,['irregular period over past 3 years']
21807,['irregular periods for last 3 years']
21808,['irregular periods']
21814,['irregular periods']
21844,['menstrual irregularities']
21853,['none']
21880,['irregular periods']
21905,['irregular menstrual bleeding-crampy perioeds-hot flashes-sweating-nausea-vomit-early morning waking-vaginal dryness-g2p2-sexually active-iud-no stds-active-family-manager-no unusual stress-occasional wine-no tobacco-no recreational drugs']
21909,['irregular menses']
21966,['irregular menses']
21979,['irregular menses']
21993,['none']
21997,['irregular menstrual cycle length -time between cycles varying between 3 weeks and 4 months -']
22015,['irregular periods']
22023,['irregular periods']
22053,['irregular periods-hot flashes-dry vagina-dry mouth-numbness or tingling-vision changes-chest pain-shortness of breath-vomiting-blood-abortion/miscarriages-numbness or tingling-vision changes-chest pain-shortness of breath-vomiting-blood-abortion/miscarriages']
22081,['irregular peroids']
22083,['hot flashes and sweating']
22091,['irregular menstrual period']
22099,['irregular periods']
22120,['irregular periods (3 years)']
22123,"['irregular periods, unpredictable periods, heavy nocturnal sweating, hot flashes, sweating, nausea, vomiting']"
30037,['stomach pain']
30116,['stomach pain epigastric 5/10 1-2x/day 1-2 hr duration nausea']
30168,['epigastric pain']
30260,['stomach pain that started 2 months ago 1x per week is not occuring multiple times a day and at night']
30437,['epigastric pain']
30515,['gnawing mid epigastric pain']
30549,['bloating']
30591,['none']
30628,['burning and nawing abdominal pain']
30772,['burning epigastric pain in middle of chest that started 2 months ago. was once a week in beginning but now twice a day. 5/10 in severity. nothing aggravates or alleviates the pain.']
30918,['epigastric pain']
30961,['stomach pain']
31272,['epigastric tenderness']
31292,['epigastric pain']
31368,['epigastric pain']
31383,"['abdominal pain (2 months, intermittent, 5/10, alleviated by tums, no aggravative factor)']"
31408,['epigastric pain']
31476,['epigastric pain']
31534,['stomach pain']
31543,['epigastric abdominal pain']
31608,['none']
31652,"['epigastric pain 5/10 in severity, dull knawing pain which strarted gradually.']"
31663,"['abdominal pain, intermittent, twice a day, upper middle, 5/10, burning, itching, bloated, neaseated, darker stool, reduced appetite, nausea, vomiting, heart burn, urine changes, fever, constation, diarrhea, weight changes, sleep and mood changes, fresh blood in stool,']"
31759,['burning stomach pains']
31800,['stomach problems']
31952,"['epigastric pain (burning, knawing, comes and goes)']"
32588,['epigastric pain']
32614,['epigastric pain']
32657,"['epigastric pain (gnawing, burning, intermittent, non-radiating)']"
32932,['epigastric pain 2 months duration']
32996,"['stomach pain, gnawing, mid-epigastric area, 2 month hx, worsening, 2x/day, alleviated with tums, less effective, none, darker brown stools, 2 weeks, never any bright red blood per rectum, initially alleviated with tums, less effective, none, ibuprofen 400mg one a week for 10 years straight, no weight loss/gain, chronic back pain, uncle with peptic ulcer disease, ibuprofen once a week for 10 year']"
33155,['epigastric pain']
33317,['epigastric pain']
33318,['epigastric pain']
33415,['epigastric pain']
33417,"['epigastric pain 5/10, 2-3x/day, 1-2 hrs']"
33444,['epigastric pain']
33460,['epigastric pain']
33531,"['epigastric pain 5/10 worsening, intermittent, burning, gnawing, non-radiating, not relieved by tums or motrin, increased frequency']"
33563,"['epigastric pain, burning sensation, nausea, wakes from sleep at night, dark stools, no blood per rectum, no diarrhea, occassional']"
33652,['epigastric pain']
33662,['burning central abdominal pain']
34251,['stomach pain']
34264,['abdominal pain']
34274,['stomach problems']
34659,['epigastric pain']
34742,['stomach pain']
34766,['none']
34803,['none']
34827,['epigastric pain']
34873,"['stomach discomfort and pain, worse 5/10, located in epigastric area, non-radiating, 2 months duration seems to be progressing, described as burning. no precipitating events noted, tums helped at first now nothing seems to relieve it. assoicated with nausea and feels like he has to vomit but no emesis, and notes stools are darker.']"
34898,['epigastric pain']
34918,['none']
34986,['epidural abdominal pain (gnawing burning sensation in epidural region)']
35092,['stomach hurts']
35141,['epigastric pain associated with nausea']
35187,"['burning, gnawing, intermittent pain']"
35333,['epigastric pain']
35360,['none']
35441,['epigastric pain']
35741,['none']
35804,"['epigastric pain 5/10 for the past 3 months, pt awakens at night laying down with pain, the pain doesnt radiate, pain has been getting progressively worse, never happened before, comes and goes 3x per, tums used to alleivate the pain, no longer does, food does not make it worse.']"
35950,['epigastric pain']
36166,['epigastric pain']
36325,['stomach pain']
36481,"['burning, non-radiating, burning, non-radiating, stomach problems, stomach problems, stomach problems, stomach problems, stomach problems, stomach problems, stomach problems, stomach problems, stomach problems, stomach problems, stomach problems, stomach problems, stomach problems, stomach problems, stomach problems, stomach problems, stomach problems, stomach problems, stomach problems, stomach problems, stomach problems, stomach problems, stomach problems, stomach problems, stomach problems, stomach problems, stomach problems, stomach problems, stomach problems, stomach problems, stomach problems, stomach problems, stomach problems, stomach problems, stomach problems, stomach problems, stomach problems']"
36485,['abdominal pain']
36515,['epigastric pain']
36652,['epigastric pain']
36668,['none']
36682,['epigastric pain']
36783,['epigastric pain']
36990,['midepigastric pain']
37081,['epigastric pain']
37121,['pain in mid epigastric area']
37140,['stomach pain']
37186,['stomach pain epigastric region']
37240,['stomach problems']
37417,['stomach pain']
37726,"['stomach pain, dull, epigastric region, no radiation, 5/10, intermittent, no association with food, no worsening, no alleviating factors, no nausea, no vomiting, no diarrhea, no constipation, no dysuria, no polyuria, no reflux, no diarrhea/constipation, no headache, no fever, no chest pain, no abdominal distension, no dark colored stools, no changes in bowel habits, no abdominal distension, no']"
38061,['stomach problems']
38075,['none']
38238,"['pain in upper abdomen since 2 months which gotten worse since last 2 weeks, burning sensation in upper abdomen, starting suddenly, progressive, continuous, initially relieved by tums but not anymore, nothing makes it worse.']"
38546,['gnawing abdominal pain']
38590,['epigastric pain']
38597,['epigastric pain']
38690,['epigastric pain']
38842,['epigastric pain (burning/nawing like pain)']
39044,['epigastric pain']
39059,['stomach problems']
39149,['epigastric pain']
39190,['bloating']
39276,"['abdominal discomfort', 'burning pain', 'nauseating pain']"
39338,['stomach problems']
39350,"['epigastric pain 5/10, burning, gnawing pain in upper part of stomach that is not getting worse but is happening more frequently associated with nausea']"
39449,['epigastric pain']
39654,['stomach pain']
39665,['epigastric pain']
39846,['stomach pain']
39921,['stomach pain']
40045,['none']
40085,['nervousness']
40139,['nervousness']
40175,['none']
40187,['none']
40426,['none']
40523,['anxiety-appetite-insomnia-difficulty falling asleep-difficulty staying asleep-increased stress-increased anxiety-increased workload-increased responsibilities-increased family responsibilities-busy schedule-increased stress-increased anxiety-increased workload-increased responsibilities-increased family responsibilities-busy schedule-increased stress-increased anxiety-increased workload-increased responsibilities-increased family responsibilities-busy schedule-increased stress']
40573,['nervousness']
40642,['none']
40705,['none']
40923,['none']
40974,['none']
40984,['nervousness']
41021,['none']
41058,['none']
41065,['none']
41067,['nervousness']
41089,['none']
41130,['none']
41281,['none']
41288,['nervousness']
41318,['none']
41376,['nervousness']
41401,['none']
41434,['none']
41658,['none']
41685,['none']
41707,['none']
41775,['anxiety']
41825,['none']
41863,['none']
42031,['none']
42084,['nervous episodes']
42113,['none']
42160,['none']
42262,['none']
42273,"['nervousness from past 2-3 weeks that is constant, progressive and worsening and is especially present on sunday nights and monday mornings and is related to the recent increase burden of work at home and at the job.']"
42356,['none']
42406,['none']
42427,['none']
42462,['none']
42499,['none']
42520,['none']
42523,['none']
42528,['none']
42543,['none']
42574,['none']
42580,['none']
42625,['none']
42646,['none']
42700,['none']
42726,['none']
42786,['none']
42802,['anxiety']
42815,['none']
42823,['none']
42837,['none']
42930,['none']
43003,['none']
43054,['nervousness']
43074,['none']
43118,['none']
43241,['nervousness']
43252,['nervousness']
43311,['none']
43368,['none']
43451,['none']
43522,['none']
43546,['none']
43574,['none']
43669,['internal nervousness']
43693,['none']
43724,['none']
43819,['none']
43912,['none']
44005,['nervousness']
44028,['nervousness']
44061,['none']
44247,['none']
44254,['none']
44299,['none']
44328,['none']
44364,['none']
44382,['none']
44390,['none']
44391,['none']
44480,['none']
44534,['none']
44544,['none']
44586,['nervousness']
44612,['none']
44641,['none']
44815,['anxiety']
44844,['none']
44866,['nervousness']
44921,['nervousness']
44958,['none']
45218,['none']
45266,['none']
45497,['none']
50072,['palpitations']
50199,['palpitations']
50375,['palpitations']
50535,['palpitations']
50541,"['palpitations, racing heart, chest tightness, dyspnea, nausea, chest pain, numbness/tingling in fingers, perioral tingling or spasms, headache, changes in vision, chest pain retrosternally with pressure, wheezing, abd. pain., dysuria, muscle weakness']"
50571,['none']
50574,['palpitations']
50607,['palpitations']
50615,['none']
50877,['none']
50886,['palpitations']
50897,['none']
50910,['palpitations']
51040,['palpitations']
51065,['palpitations']
51250,['none']
51403,['palpitations']
51426,['none']
51439,"['palpitations, 5 years ago, 2 months ago, 3 weeks ago, 1-2 times/day, 15-30 minutes, at random times, wait out the episode, nauseous, feeling very hot then very cold, shortness of breath, heart racing, feeling nauseous, nauseous, feeling like dying, tired, difficulty concentrating, once every few days']"
51454,['none']
51475,['palpitations']
51533,"['palpitations, numbness, sweats, shortness of breath, nausea, concentration problems, tiredness']"
51760,"['palpitations, 5 years, intermittent, every 2 days, 15-30 minutes, chest, heart, sob, feelings of impending doom']"
51939,['palpitations']
52051,['palpitations']
52140,['palpitations']
52317,['palpitations']
52323,['palpitations with impending doom']
52390,['palpitations']
52512,['palpitations']
52588,['palpitation']
52661,['none']
52714,['palpitations']
52745,"['palpitations, chest pain, dyspnea, throat tightness, nausea, feeling hot, feeling cold, feeling as if might die, dizziness, loss of consciousness']"
52835,['none']
52874,['palpitations']
52890,['palpitations']
52910,['palpitations']
52923,['palpitations']
52932,['none']
52979,['palpitations']
53035,['pounding heart with shortness of breath and throat tightness and tingling sensation over palms and nauseous.']
53039,['palpitations']
53092,['chest pounding']
53129,['palpitations']
53152,['palpitations']
53161,['palpitations']
53327,['none']
53373,['none']
53527,['palpitations']
53698,['palpitations']
53711,['palpitations']
53840,['palpitations (1)']
53954,['palpitations']
54131,['palpitations']
54207,"['palpitations, pounding feeling in chest, increased heart rate, feeling like ""i am about to die"", sob, nausea, tightness in throat, hot, cold clamy feeling, fear having another episode, stressors in life, none']"
54220,['none']
54222,"['racing heart', 'chest tightness']"
54226,['palpitations']
54228,['palpitations']
54323,['none']
54341,['palpitations']
54459,['none']
54511,['none']
54517,['palpitations']
54564,['palpation']
54660,['none']
54791,['none']
54804,['none']
54889,['palpitations']
54901,['none']
54957,['palpitations']
55009,['palpitations']
55012,['none']
55035,['palpitations']
55060,['palpitations']
55083,['palpitations']
55117,['none']
55153,"['palpitations', 'throat tightness']"
55230,['none']
55410,['none']
55507,['palpitations']
55578,['palpitations']
55584,['none']
55601,['palpitations']
55634,['palpitations']
55825,['none']
55853,['none']
55923,['none']
55930,['none']
55992,['none']
56372,['palpitations']
56456,['none']
56517,['none']
56522,['palpitations']
56535,['none']
56642,['none']
56697,['racing heart']
56841,"['palpitations', 'shortness of breath', 'nausea']"
57026,['palpitations']
60004,['none']
60020,['none']
60049,['chest pain']
60056,['chest pain left sided']
60059,['chest pain']
60078,['chest pain left side']
60095,"['chest pain left upper quadrant, non-radiating, sharp, 5/10 at rest, 9/10 with deep breathing or movement. started yesterday, is constant, not relieved with tylenol or albuterol inhaler.']"
60111,"['chest pain, deep breath, movement, warm, muscle aches, stuffy nose']"
60116,"['chest pain, left sided, severe, worsens with inspiration, constant pain, movement, not relieved with tylenol']"
60121,['chest pain right upper quadrant']
60160,"['chest pain, left constant, sharp, worse with deep breaths']"
60173,['pleuritic chest pain']
60203,"['chest pain, sharp, sharp pain, chest pain, pain, pain, pain, pain, pain, pain, pain, pain, pain, pain, pain, pain, pain, pain, pain, pain, pain, pain, pain, pain, pain, pain, pain, pain, pain, pain, pain, pain, pain, pain, pain, pain, pain, pain, pain, pain, pain, pain, pain, pain, pain, pain, pain, pain, pain, pain, pain, pain, pain, pain, pain, pain, pain, pain, pain, pain, pain, pain']"
60229,['none']
60235,['none']
60247,['chest pain left sided']
60248,['chest pain left-mid upper chest']
60266,['none']
60315,['chest pain left sided']
60319,"['chest pain, left sided, sharp, stabbing, constant, worsened with movement, worsened with deep inspiration, not relieved by tylenol or albuterol, nonradiating']"
60338,['none']
60341,"['chest pain, sharp, acute, since yesterday, while sitting 5/10 - when moving pain worsens to 9/10']"
60342,"['chest pain, fever, stuffy nose, muscle ache, sharp pain']"
60407,"['chest pain, chest pain with deep breaths, chest pain sharp, chest pain with deep breaths, chest pain sharp with deep breaths, chest pain sharp with deep breaths, chest pain sharp with deep breaths, chest pain sharp with deep breaths, chest pain sharp with deep breaths, chest pain sharp with deep breaths, chest pain sharp with deep breaths, chest pain sharp with deep breaths, chest pain sharp with deep breaths, chest pain sharp with deep breaths, chest pain sharp with deep breaths, chest pain sharp with deep breaths, chest pain sharp with deep breaths, chest']"
60417,"['chest pain, sharp, 5/10 at rest, 8/10 with worsened breathing or movement, non-radiating']"
60421,"['chest pain left sided, sharp, 4/10 intensity, 7/10 intensity when breathing in deep, worsened by deep inspiration and movement, not worse supine or when leaning forward, subjective fever, nasal congestion, malaise, unprovoked, occured when woke up, associated with sore throat, myalgia, dysphagia, sore throat, ear pain, sore throat, ear pain, sore throat, ear pain, sore throat, ear pain, sore throat, ear pain, sore throat, ear pain, sore throat, ear pain, sore throat']"
60466,['chest pain 8 or 9/10']
60469,"['chest pain, pleuretic, left, sharp, positional, aggravated, triggered, alleviated, sudden, pleuretic, pleuritic, pleural, pleural chest pain, pleural chest pain, pleural pain, pleural pain, chest pain, chest pain, chest pain, chest pain, chest pain, chest pain, chest pain, chest pain, chest pain, chest pain, chest pain, chest pain, chest pain, chest pain, chest pain, chest pain, chest pain, chest pain, chest pain, chest pain, chest pain, chest pain, chest pain']"
60506,['none']
60517,"['chest pain, sharp, l sided, pleuritic, worse with movement, slightly improved leaning forward']"
60564,['chest pain left sided sharp stabbing worse inspiration movement']
60575,['chest pain left parasternal border']
60585,"['chest pain, left side, sharp, 1 day, worse with inspiration, around l chest area, broadly located, not relieved with tylenol or albuterol inhaler']"
60619,"['chest pain, sharp, left anterior chest, worse with deep breath, alleviated by breathing shallowly']"
60620,"['chest pain, sharp, 5/10 at rest, 9/10 during deep inspiration that started yesterday morning. pain does not radiate. deep breaths makes pain worse. nothing makes it better. rhinnorhea muscle aches and feeling warm for past 3-4 days with possible uri. used tylenol and albuterol yesterday for pain but did not help; cough; headache; sore throat; racing heart']"
60654,['chest pain']
60664,['chest pain left sided']
60666,"['chest pain, right lower quadrant']"
60671,['chest pain with deep breathing']
60699,['chest pain']
60700,['chest pain left-sided']
60702,"['chest pain, left sided, sharp, constant, worse with movements, improve if sit still, does not radiates, fever, runny nose with with/yelllow mucous, no odor, muscle pain,']"
60749,['chest pain']
60757,['chest pain']
60770,"['chest pain, sharp, constant, non-radiating, exacerbated with deep breaths, movement, walking, relieved with rest, fever, nasal stuffiness, malaise, cough, dyspnea, palpitations, change in weight or appetie, change in urinary or bowel habits.']"
60792,['chest pain']
60798,['none']
60802,['none']
60827,['chest pain']
60867,"['chest pain, 5/10 at rest, 9/10 with movement or deep inspiration, reproducible on palpation, non-positional, non-radiating, not worsened with exertion, not associated with soib, not associated with palpitations or worsened by breathing, associated with runny nose, muscle aches, fevers/chills/night sweats, 1 day duration']"
60911,['chest pain']
60913,['chest pain']
60922,"['chest pain left side sharp, sudden onset, constant, 5/10 while sitting still, 8/10 while deep breathing and moving, non radiating, aggravated by deep breathing and movement, alleviated by sitting still. associated with fever, runny/stuffy nose and muscle soreness.']"
60941,['chest pain left sided sharp stabbing 5/10 at rest 8/10 with movement worse with movement and deep breathing better with rest']
60951,"['chest pain, left sided, constant, sharp, stabbing, brought on by deep inhalation, movement']"
60955,['chest pain left sided deep']
60962,['chest pain left sided']
60977,['none']
60998,['chest pain left sided']
61003,"['chest pain, sharp, 5/10 when sitting still, 8/10 when move or taking deep breath,  aggrav by movement, deep breath']"
61018,['chest pain']
61054,"['chest pain, left sided, sharp, stabbing, constant, worsened with movement, worsened with deep breath, non-radiating']"
61080,"['chest pain, left sided, sharp, aggravated with deep inspiration and movement, non progressive, non radiating, non alleviating factors']"
61086,"['chest pain, left, intermittent, sharp, stabbing, non-radiating, aggravated by deep breathing and chest movements; not relieved by tylenol and albuterol.']"
61125,['chest pain left upper part of chest']
61146,"['chest pain, sharp, constant, left, thorax, without radiation, worse with inspiration, movement, 7/10 severity, 17 m, exercise-induced asthma, c/o one day, stabbing, l chest pain, congestion, nasal, muscle aches, feeling feverish, generally active, no trauma or overactivity, no cough, abdominal pain, change in sleep, weight, bowel, or bladder, ros: negative except as above, albuterol inhaler, tylenol, no allergies,']"
61152,['none']
61164,['substernal chest pain']
61185,['chest pain']
61205,"['chest pain, left, sharp, non-radiating, exacerbated by deep breathing and moving, not alleviated by anything, onset yesterday morning, 17 yo m']"
61218,['chest pain']
61232,['none']
61244,['chest pain']
61289,"['chest pain, sharp, worse with inhalation or movement, improves when sitting still']"
61357,['chest pain-chest pain-chest pain-chest pain-chest pain-chest pain-chest pain-chest pain-chest pain-chest pain-chest pain-chest pain-chest pain-chest pain-chest pain-chest pain-chest pain-chest pain-chest pain-chest pain-chest pain-chest pain-chest pain-chest pain-chest pain-chest pain-chest pain-chest pain-chest pain-chest pain-chest pain-chest pain']
61361,"['chest pain, sharp, generalized, 5/10 severity at rest, 8-9/10 severity with exertion or changing position']"
61407,['chest pain left sided sharp type']
61414,['none']
61436,['chest pain']
61445,['chest pain left side']
61482,['chest pain']
61497,['chest pain']
61548,['none']
61552,"['pain, sharp, right upper quadrant, 5-6/10 when sitting, 7-9/10 when deep breathing, worse with deep breaths, no radiation of pain']"
61556,['chest pain']
61591,"['chest pain, upper left, sharp, constant, nonradiating, exacerbated by movements, taking deep breath, alleviated by nothing']"
61642,['none']
61643,['none']
61656,"['chest pain left upper quadrant 6/10 at rest, 7-9/10 with breathing']"
61657,['none']
61659,['chest pain left sided constant since yesterday morning worsens with deep inspiration subjective fever associated with stuffy nose and muscle aches']
61663,['chest pain']
61668,['chest pain']
61673,['chest pain left chest wall']
61718,['none']
61738,['none']
61747,['chest pain left sided']
61761,"['chest pain, diffuse, non-pinpoint, like sharp knife stabbing, constant, 5/10 when not moving but 8/10 with deep breath or movement.']"
61765,['chest pain right sided sharp non radiating constant 4/10 at rest 8/10 with movement aggravated by deep breathing and movement no allev no relief with tylenol fever stuffy nose muscle ache']
61768,['chest pain left upper']
70087,['dysmenorrhea']
70163,"['heavy periods, irregular periods, heavy bleeding, heavy tampons every 2 hours, heavy bleeding, heavy bleeding requiring tampons every 2 hours, heavy bleeding requiring tampons every 2 hours, heavy bleeding requiring tampons every 2 hours, heavy bleeding requiring tampons every 2 hours, heavy bleeding requiring tampons every 2 hours, heavy bleeding requiring tampons every 2 hours, heavy bleeding requiring tampons every 2 hours, heavy bleeding requiring tampons every 2 hours, heavy bleeding requiring tampons every 2 hours, heavy bleeding requiring tampons every 2 hours, heavy bleeding requiring tampons every']"
70221,['irregular period* 6 mos']
70243,['heavy menses']
70255,['irregularity with cycles']
70276,['heavy and longer periods onset 6 months ago']
70332,['period problems']
70399,['abnormal menses']
70412,['irregular periods']
70442,['none']
70445,"['irregular, heavy, and painful periods for the past 6 months']"
70507,['heavy period flow for past 6 months']
70511,['irregular periods (1)']
70551,"['heavier menstrual cycles-last regular menstrual period was 6 months ago-periods are still on 1 month cycles-heavier bleeding with no pain-no vaginal discharge or clots-not pregnant-gaining 10 pounds in last 6 months-no fevers, chills, chest pain, shortness of breath, night sweats, hot flashes']"
70616,['irregular periods']
70730,['heavy periods']
70749,['irregular menses']
70786,['amenorrhea']
70792,['heavy periods']
70847,['heavy periods 6 months in duration']
70929,['change in menstruation']
70939,['dysfunctional uterine bleeding']
71014,['none']
71031,['heavy periods']
71194,['irregular periods (7 days)']
71205,['none']
71213,['irregular periods']
71235,['heavy bleeding during periods']
71344,"['irregular periods-lmp was 2 months ago, menarche at age 12, heavy, every other month, 7 days in length, no cramping, vaginal discharge or spotting in between cycles-infertility issues for the past 9 years-gained approx 10-15']"
71432,['menorrhagia']
71449,"['acanthosis nigricans on neck.', 'gained 10-15 lbs in 6 months unintentionally.']"
71453,['menstrual irregularity']
71501,['irregular menstrual cycles']
71531,['irregular periods']
71534,['irregular heavy periods for the past 6 months']
71551,['heavy uterine bleeding']
71562,['heavy periods']
71649,['heavy menstrual bleeding (35-year-old female)']
71653,['heavy menses']
71658,['bleeding with periods']
71724,['heavy periods']
71735,['period problems-heavy period-period lasts 7 days-period requires 7 tampons on the first day-fatigue-weight gain (10-15 pounds over 6 months)-dry skin-dyschezia-constipation-diarrhea-fever-dryness-breast lumps-depression']
71758,"['heavy periods, 3-4 tampons/day, tampon changed every couple of hours, lasts 3 days, now has only had 2 periods in the last 5 months, lasts 7 days, no dysmenorrhea, no intermenstrual/postcoital bleeding, no dyspareunia, no abdominal/pelvic pain']"
71777,['irregular uterine bleeding']
71861,['heavy flow 35 yo f 5 months 35 yo f 5 months 35 yo f 5 months 35 yo f 5 months 35 yo f 5 months 35 yo f 5 months 35 yo f 5 months 35 yo f 5 months 35 yo f 5 months 35 yo f 5 months 35 yo f 5 months 35 yo f 5 months 35 yo f 5 months 35 yo f 5 months 35 yo f 5 months 35 yo f']
71865,['heavy menstruation']
71895,['heavy periods']
71937,['none']
71938,['dysmenorhea-breakthrough bleeding-dark skin changes-weight gain-infertility-fatigue-loss of menstrual cycle-hypopigmentation-hypoplasia-hypomelanosis-hypomelanosis-hypomelanosis-hypomelanosis-hypomelanosis-hypomelanosis-hypomelanosis-hypomelanosis-hypomelanosis-hypomelanosis-hypomelanosis-hypom']
71953,['menorrhagia-pigmentation-wt gain-dysmenorrhea-dyspareunia-dyschezia-dysuria-dysuria-dyspareunia-dyschezia-dyschezia-dysuria-dyspareunia-dyschezia-dysuria-dyspareunia-dyschezia-dysuria-dyspareunia-dyschezia-dysuria-dyspareunia-dyschezia-dysuria-']
71991,"['bleeding, vaginal, painless, postmenopausal, intermenstrual, postcoital, persistent, progressive, intermittent, irregular, persistent, intermittent, postcoital, persistent, progressive, intermittent, irregular, persistent, progressive, intermittent, irregular, persistent, progressive, intermittent, irregular, persistent, progressive, intermittent, irregular, persistent, progressive, intermittent, irregular, persistent, progressive, intermittent, irregular, persistent, progressive, intermittent, irregular, persistent, progressive,']"
72005,['heavy menstrual bleeding over the past 6 months.']
72030,['heavy menstrual bleeding']
72034,['none']
72111,['none']
72125,['heavy periods']
72206,['irregular menstrual cycles']
72207,['irregular periods']
72225,['irregular periods']
72542,['dysmenorrhea']
72549,"['heavy menstrual bleeding, -dark color in hand and left neck, -unvoluntary weight gain (10-15 lb /6mo)']"
72553,"['tiredness, weight gain, black discoloration over neck, trying to conceive, monogamous with husband not using contraception, hot flushes, vaginal discharge, regular cycles before 6 months, 1-2 beers/week, no smoking/illicit drug use']"
72557,['irregular periods']
72558,['menstrual irregularities']
72559,['heavy menses for 5 months']
72566,['dysmenorrhea']
72572,['irregular periods']
72617,['none']
72660,['heavy periods']
72757,['irregular periods']
72765,['heavy periods']
72781,['irregular menstrual periods']
72790,['none']
72905,"['irregular periods, heavy bleeding, cramps, tired, weight gain, no conception, hot flashes, mood changes, fever, heat or cold intolerance, sexually active, no contraceptives, no smoking, no rec drugs, occassional drinker, nka']"
73153,['heavy menstrual periods']
73155,['oligomenorrhea']
73209,['heavy flow']
73296,['irregular periods']
73325,['bleeding after intercourse-increased in number of tampoons-fatigue-tired-increase on the bleeding recently-gained weight-heavy menstrual bleeding-increased in number of tampoons-increased in number of tampoons-increased in number of tampoons-increased in number of tampoons-increased in number of tampoons-increased in number of tampoons-increased in number of tampoons-increased in number of tampoons-increased in number']
73356,['none']
73387,['heavy bleeding during menstruation']
73395,['heavy menstrual bleeding']
73431,"['heavy irregular menstrual bleeding (3-4 days, every 4-5 weeks) for 6 months, tampon change every 2 hours']"
73490,['heavy menses']
73555,"['irregular periods for 6 months. occurs around every 8 wks now, lasts 7 days, change pads every hrs. not on contraception, sexually active with boyfriend. pap smear 6 months back was normal. noticed darkening of skin, gained 10 pounds over 6 months, feels fatigued. usually eats outside. no change in vision, headache, discharge from breast, strias in belly. no hot/cold intolerance, hirsutism, dysparunia, abdominal discomfort, vaginal discharge']"
73635,['menstrual irregularities']
73640,['heavy periods']
73681,['irregular periods']
73734,['heavy periods']
73784,['none']
73792,"['heavy periods, use more tampons than before, less periods than before, skin rash on hands and neck, weight gain, skin rash on hands and neck, skin rash on neck, skin rash on hands, skin rash on neck, skin rash on hands and neck, skin rash on hands and neck, skin rash on hands and neck, skin rash on hands and neck, skin rash on hands and neck, skin rash on hands and neck, skin rash on hands and neck, skin rash on hands and neck, skin rash on hands and neck, skin rash']"
73834,['heavy bleeding (6 months)']
73974,"['heavy periods 6 months that last for 7 days and irregular and changing pads every 2 hrs. no abd pain no pain with sex no pain with menstruation, no spotting between periods, no heair growth changes, no fever, and the pt mentioned gaining wt 10-15 ibs * 6 months']"
73999,['heavy periods']
74000,['heavy menstrual periods']
74009,['irregular periods']
74011,['fatigue']
74016,"['menstrual irregularity, heavy bleeding, vaginal bleeding, darkening of nails, weight gain, fatigue, mild cramps, no abnormal vaginal discharge, no headache, no change in vision, no cold intolerance, no skin change, no nipple discharge, no constipation.']"
74080,['menorrhagia']
74087,['abnormal menstraul cycles']
80039,"['sleep disturbance (difficulty falling asleep, waking up early, and tossing and turning at the night)']"
80042,['trouble falling asleep']
80066,['insomnia']
80098,['insomnia']
80245,['sleep disturbance']
80307,['difficulty falling asleep']
80341,['none']
80357,['insomnia']
80394,['depressed mood']
80439,['insomnia']
80441,['sleep disturbance']
80493,['sleep disturbance']
80525,['sleep disturbance']
80529,['sleep disturbance']
80656,['trouble falling asleep']
80686,['none']
80706,['sleep disturbance']
80802,['sleep disturbance']
80857,['insomnia']
80919,['sleep disturbance']
80929,['sleep disturbance']
80946,['insomnia']
80948,['sleep disturbance']
80950,['none']
81015,['difficulty falling asleep']
81124,['sleeping diffuculuties']
81138,['trouble sleeping']
81195,['sleep disturbance']
81320,['none']
81385,['trouble sleeping']
81416,['trouble sleeping']
81437,['insomnia']
81445,['sleep disturbance']
81538,['none']
81548,['sleep disturbance']
81575,['difficulty sleeping']
81672,"['insomnia: difficulty falling asleep, frequent awakenings, only getting 4 hours total/night and feeling fatigued. does not look at screens before bed or spend time in bedroom when not trying to sleep.']"
81678,['sleep disturbance']
81687,['none']
81773,['trouble sleeping']
81811,['sleep disturbance']
81856,['sleep disturbance']
81876,['trouble sleeping for the last 3 weeks']
81877,['trouble falling asleep']
81880,['sleep disturbance']
81900,['sleep disturbance']
81979,['none']
81984,['sadness']
81985,['difficulty sleeping']
82005,['insomnia']
82022,"['sleep disturbance (difficulty falling asleep, difficulty staying asleep)']"
82028,"['sleep disturbance (difficulty falling asleep, difficulty staying asleep, early morning awakening, insomnia)']"
82080,['none']
82139,['sleep disturbance']
82187,['sleep disturbance']
82292,['trouble sleeping']
82313,['sleep disturbance']
82434,['sleep disturbance']
82468,['sleep disturbance']
82494,['sleep disturbance']
82515,['sleep disturbance']
82622,['sleep disturbance']
82752,['none']
82796,['sleep disturbance']
82799,['insomnia']
82817,['none']
82843,['trouble sleeping for 3 weeks']
82848,['sleep disturbance']
82869,['sleep problems']
82904,['difficulty sleeping']
82967,['insomnia']
82992,['sleep disturbance']
83185,['insomnia']
83199,['none']
83220,['insomnia']
83333,['sleep disturbance']
83376,['sleep problems']
83400,['insomnia']
83514,['hallucinations']
83575,['trouble sleeping']
83598,['sleep disturbance']
83686,['trouble sleeping']
83757,['sleep disturbance']
83794,"['sleep disturbance (difficulty falling asleep, difficulty staying asleep, wakes up early in the morning)']"
83843,['sleep disturbance']
83893,['difficulty sleeping']
83907,['difficulty falling asleep']
83918,['sleep difficulty (sleeping)']
83939,['sleeping problems']
83953,['none']
83955,['sleeping trouble']
84000,['trouble falling asleep']
84055,['sleep disturbance']
84095,['insomnia']
84105,['sleep disturbance']
84191,['trouble falling asleep']
84231,['sleep disturbance']
84255,['sleep disturbance']
84273,['insomnia']
84366,['sleep issues']
90127,['headache']
90178,['headache']
90213,"['headache located throughout head constant in duration dull in characteristic, achy aggravated by movement nonradiating constant in timing 9-10/10 on pain scale associated with malaise, myalgias, nausea, and vomiting']"
90223,['headache']
90229,['headache']
90325,['headache']
90478,"[""headache from yesterday which is getting worse. pt notes that it's the worst headache of her life. it's all over the head. it's dull, and constant. pt used tylenol but didn't work. pt felt warm inside. headache gets worse by bending over and walking. pt has nausea with no blood. pt had photophobia. pt started to have uri symptoms yesterday. pt reports neck and shoulder pain and stiffness.""]"
90633,['none']
90637,['headache']
90640,['headache']
90719,['headache']
90766,['none']
90900,['none']
90911,['headache']
90922,['headache']
91036,['none']
91233,['headache']
91251,['headache']
91253,['headache']
91299,['head ache']
91304,['headache']
91500,"['headache, generalised, x 1day, worsening with walking and briht lights, vomiting x3 ep with food particles, h/o runny nose and sorethroat']"
91509,['headache']
91563,['none']
91594,['headache']
91601,['headache']
91613,['none']
91711,"['headache, severe, constant, dull, worsened walking, worsened bending, worse with ibuprogen, tylenol, photosensitivity, vomiting, achy all over, warm, runny nose, nausea']"
91721,['headache-photophobia-vomiting-fever-neck stiffness-shoulder stiffness-vomiting-lmp-']
91736,['none']
91776,['headache']
91922,['headache']
92081,"['headache-diffuse-dull-worsening-worse with walking, bending-eye pain-bright light-subjective fever-fatigue-vomiting-nausea-muscle weakness-vision changes-hoarseness-abdominal pain-chest pain-numbness-tingling-weight changes']"
92097,['none']
92118,"['headache, dull, constant, ache, 8/10, worsening, light, bending over, walking, fever, vomiting, feeling sick, nausea, chest pain, shortness of breath, bowel or urinary complaints, visual field changes, hearing changes, gait imbalance, lmp, regular 28-30 day cycles, not related to headache, noncontributory, noncontributory, noncontributory, drinks 2-3x on the weekend, denies tobacco usage, affirms marijuana usage 3-4 times per']"
92194,['headache']
92203,['headache']
92224,"['headache, constant, all over the head, severe, progressive, not alleviated by anything, exacerbated by moving, bending forward, vomiting, food content, nausea, feeling warm, scratchy throat, runny nose, no trauma, no loc, no weakness, no aura before the headache, no eye tearing, ros: normal except aa, pmh: nkda, meds: ocp for 2 y, tylnol, allergy: nkda, fh: mother has magra']"
92263,['none']
92300,['headache since yesterday']
92364,"['headache, 10/10, holocephalic, neck stiffness, vomiting, gastric contents, subjective fever, muscle/joint aches, runny nose, throat soreness']"
92385,"['headache, generalized, 8/10, dull, constant, no relieving factor, bright light can elicit pain, nause and vomiting nonbloody emesis x2 yesterday, pain increased with walking, bending forward']"
92419,"['headache (severe, since yesterday, associated with nausea and vomiting, not severe as that time)']"
92464,['headache']
92564,['none']
92590,['headache']
92596,['headache']
92655,"['headache, bilateral, dull, constant, neck stiffness, warmth']"
92680,['headache']
92688,['headache']
92699,['headache since yesterday morning upon waking']
92768,['severe headache']
92985,['headache dull achy quality all over head']
93113,['headache']
93115,['headache']
93138,"['headache, dull, all over head, achy, 8/10, worse walking and bending over, photophobia, nausea, vomiting, neck stiffness, neck aches, shoulders aches, runny nose, scratchy throat, warm']"
93160,['none']
93216,['headache all over']
93296,['vomiting-headache-photophobia-nausea-dull pain-constantly-dull 8/10-progressive']
93346,['headache']
93362,['headache']
93413,['headache']
93486,"['headache, progressively worsening, dull, constant, bilateral, fever, neck pain, photophobia, scratchy throat, vomiting, greenish in content, recent meal, nausea, diarrhea, runny nose, pain, pain, pain, pain, pain, pain, pain, pain, pain, pain, pain, pain, pain, pain, pain, pain, pain, pain, pain, pain, pain, pain, pain, pain, pain, pain, pain, pain, pain, pain, pain, pain, pain, pain, pain, pain, pain']"
93527,['headache']
93534,['headache']
93554,"['headache, localized to entire head, 8-9/10 intensity, dull in quality, not radiated or shifted, not relieved by ibuprofen, aggravated when walking around or with bright light']"
93634,['headache']
93694,['headache']
93712,['headache']
93731,['headache']
93779,['headache']
93853,['headache by 2 days']
93972,['headache']
93988,['headache']
94167,['headache']
94243,"['headache, severe, persistent, diffuse, achy, worse with leaning forward, covering whole head, photophobia, myalgias, nausea, vomiting, scratchy throat, rhinorrhea, tension type headaches occasionally']"
94260,['headache']
94271,['headache']
94306,['headache']
94315,['headache']
94372,['none']
94465,['headache']
94475,['headache with photophobia']
94561,"['headache from yesterday morning with vomiting and nausea, photophobia, 8/10 no radiation, worse with time and bending forward  lending, neck pain , no fever, no weakness and numbness']"
94592,['headache']
94609,"['headache, nausea, vomiting, subjective fevers and chills, green sputum, scratchy throat, runny nose, body aches, photophobia, phonophobia, exposure to anyone with recent illness']"
94652,['headache']
94656,['headache']
94726,['headache']
94729,['headache all over head']
94754,['headache']
94979,['headache whole head dull pain worsens with walking and bending aggravated by light photophobia neck stiffness 3 vomiting episodes vomitus was in green color']
95046,['headache']
95066,['none']
95128,['headache dull in nature with associated fever and vomiting.']
95145,"['headache, worsening, dull, entire head, progressively getting worse, neck pain, subjective fever, nausea, vomiting, light sensitive, not sound sensitive, no auras, worst headache of my life']"
95228,['none']
95243,['none']
95330,['headache']
95333,['none']
