tp,fp,fn,precision,recall,f1,pn_num
1,2,3,0.3333333333333333,0.25,0.28571428571428575,16
2,1,2,0.6666666666666666,0.5,0.5714285714285715,41
0,5,4,0.0,0.0,0.0,46
0,0,4,0.0,0.0,0.0,82
1,14,3,0.06666666666666667,0.25,0.10526315789473685,100
1,1,3,0.5,0.25,0.3333333333333333,161
1,1,3,0.5,0.25,0.3333333333333333,188
2,2,2,0.5,0.5,0.5,211
1,3,3,0.25,0.25,0.25,224
1,1,3,0.5,0.25,0.3333333333333333,225
0,1,4,0.0,0.0,0.0,234
2,1,2,0.6666666666666666,0.5,0.5714285714285715,331
1,2,3,0.3333333333333333,0.25,0.28571428571428575,344
0,0,4,0.0,0.0,0.0,352
0,2,4,0.0,0.0,0.0,372
0,6,4,0.0,0.0,0.0,390
2,1,2,0.6666666666666666,0.5,0.5714285714285715,426
0,3,4,0.0,0.0,0.0,464
2,2,2,0.5,0.5,0.5,489
0,0,4,0.0,0.0,0.0,495
2,2,2,0.5,0.5,0.5,510
1,5,3,0.16666666666666666,0.25,0.2,575
0,3,4,0.0,0.0,0.0,583
2,1,2,0.6666666666666666,0.5,0.5714285714285715,585
0,2,4,0.0,0.0,0.0,625
1,2,3,0.3333333333333333,0.25,0.28571428571428575,653
0,0,4,0.0,0.0,0.0,669
0,0,4,0.0,0.0,0.0,673
0,3,4,0.0,0.0,0.0,699
1,2,3,0.3333333333333333,0.25,0.28571428571428575,701
2,2,2,0.5,0.5,0.5,719
1,14,3,0.06666666666666667,0.25,0.10526315789473685,768
2,2,2,0.5,0.5,0.5,769
1,2,3,0.3333333333333333,0.25,0.28571428571428575,777
2,2,2,0.5,0.5,0.5,796
0,2,4,0.0,0.0,0.0,804
1,2,3,0.3333333333333333,0.25,0.28571428571428575,810
2,2,2,0.5,0.5,0.5,816
2,2,2,0.5,0.5,0.5,817
1,2,3,0.3333333333333333,0.25,0.28571428571428575,821
1,4,3,0.2,0.25,0.22222222222222224,831
1,11,3,0.08333333333333333,0.25,0.125,861
2,2,2,0.5,0.5,0.5,883
0,0,4,0.0,0.0,0.0,970
1,3,3,0.25,0.25,0.25,977
0,0,4,0.0,0.0,0.0,987
0,0,4,0.0,0.0,0.0,1010
1,2,3,0.3333333333333333,0.25,0.28571428571428575,1110
1,1,3,0.5,0.25,0.3333333333333333,1115
0,0,4,0.0,0.0,0.0,1133
1,1,3,0.5,0.25,0.3333333333333333,1146
0,2,4,0.0,0.0,0.0,1149
1,1,3,0.5,0.25,0.3333333333333333,1151
0,5,4,0.0,0.0,0.0,1165
2,1,2,0.6666666666666666,0.5,0.5714285714285715,1173
1,1,3,0.5,0.25,0.3333333333333333,1186
1,0,3,1.0,0.25,0.4,1200
1,2,3,0.3333333333333333,0.25,0.28571428571428575,1209
0,0,4,0.0,0.0,0.0,1235
1,2,3,0.3333333333333333,0.25,0.28571428571428575,1250
2,3,2,0.4,0.5,0.4444444444444445,1264
0,0,4,0.0,0.0,0.0,1270
2,1,2,0.6666666666666666,0.5,0.5714285714285715,1281
0,0,4,0.0,0.0,0.0,1318
1,3,3,0.25,0.25,0.25,1376
0,0,4,0.0,0.0,0.0,1512
0,0,4,0.0,0.0,0.0,1547
2,3,2,0.4,0.5,0.4444444444444445,1581
0,3,4,0.0,0.0,0.0,1587
2,1,2,0.6666666666666666,0.5,0.5714285714285715,1613
0,7,4,0.0,0.0,0.0,1622
1,8,3,0.1111111111111111,0.25,0.15384615384615383,1652
2,2,2,0.5,0.5,0.5,1692
1,1,3,0.5,0.25,0.3333333333333333,1694
0,0,4,0.0,0.0,0.0,1699
0,2,4,0.0,0.0,0.0,1723
2,3,2,0.4,0.5,0.4444444444444445,1742
0,3,4,0.0,0.0,0.0,1809
2,2,2,0.5,0.5,0.5,1835
0,2,4,0.0,0.0,0.0,1847
2,3,2,0.4,0.5,0.4444444444444445,1855
1,3,3,0.25,0.25,0.25,1881
0,0,4,0.0,0.0,0.0,1939
1,2,3,0.3333333333333333,0.25,0.28571428571428575,1948
0,2,4,0.0,0.0,0.0,2078
1,2,3,0.3333333333333333,0.25,0.28571428571428575,2151
2,2,2,0.5,0.5,0.5,2163
0,2,4,0.0,0.0,0.0,2184
2,1,2,0.6666666666666666,0.5,0.5714285714285715,2198
2,2,2,0.5,0.5,0.5,2201
1,2,3,0.3333333333333333,0.25,0.28571428571428575,2223
0,5,4,0.0,0.0,0.0,2271
1,1,3,0.5,0.25,0.3333333333333333,2285
1,3,3,0.25,0.25,0.25,2290
1,3,3,0.25,0.25,0.25,2308
0,0,4,0.0,0.0,0.0,2315
1,6,3,0.14285714285714285,0.25,0.18181818181818182,2425
0,0,4,0.0,0.0,0.0,2428
2,3,2,0.4,0.5,0.4444444444444445,2430
0,2,4,0.0,0.0,0.0,2436
0,1,3,0.0,0.0,0.0,10004
0,3,3,0.0,0.0,0.0,10010
0,5,3,0.0,0.0,0.0,10013
0,4,3,0.0,0.0,0.0,10019
0,3,3,0.0,0.0,0.0,10028
0,4,3,0.0,0.0,0.0,10030
0,8,3,0.0,0.0,0.0,10044
1,5,2,0.16666666666666666,0.3333333333333333,0.2222222222222222,10047
0,5,3,0.0,0.0,0.0,10067
0,13,3,0.0,0.0,0.0,10075
0,3,3,0.0,0.0,0.0,10101
0,5,3,0.0,0.0,0.0,10123
0,3,3,0.0,0.0,0.0,10124
0,0,3,0.0,0.0,0.0,10131
2,1,1,0.6666666666666666,0.6666666666666666,0.6666666666666666,10132
0,5,3,0.0,0.0,0.0,10137
0,7,3,0.0,0.0,0.0,10174
0,2,3,0.0,0.0,0.0,10180
1,6,2,0.14285714285714285,0.3333333333333333,0.2,10181
0,5,3,0.0,0.0,0.0,10182
0,3,3,0.0,0.0,0.0,10183
0,3,3,0.0,0.0,0.0,10192
0,2,3,0.0,0.0,0.0,10196
0,3,3,0.0,0.0,0.0,10201
0,6,3,0.0,0.0,0.0,10206
0,7,3,0.0,0.0,0.0,10216
0,2,3,0.0,0.0,0.0,10223
0,0,3,0.0,0.0,0.0,10227
0,4,3,0.0,0.0,0.0,10228
0,4,3,0.0,0.0,0.0,10233
0,2,3,0.0,0.0,0.0,10267
0,3,3,0.0,0.0,0.0,10268
0,3,3,0.0,0.0,0.0,10269
0,3,3,0.0,0.0,0.0,10316
1,3,2,0.25,0.3333333333333333,0.28571428571428575,10321
0,0,3,0.0,0.0,0.0,10329
0,3,3,0.0,0.0,0.0,10341
0,3,3,0.0,0.0,0.0,10345
1,2,2,0.3333333333333333,0.3333333333333333,0.3333333333333333,10354
0,4,3,0.0,0.0,0.0,10358
0,1,3,0.0,0.0,0.0,10360
0,3,3,0.0,0.0,0.0,10368
0,3,3,0.0,0.0,0.0,10369
1,8,2,0.1111111111111111,0.3333333333333333,0.16666666666666666,10384
0,6,3,0.0,0.0,0.0,10414
1,3,2,0.25,0.3333333333333333,0.28571428571428575,10420
0,1,3,0.0,0.0,0.0,10426
0,3,3,0.0,0.0,0.0,10454
1,2,2,0.3333333333333333,0.3333333333333333,0.3333333333333333,10459
1,1,2,0.5,0.3333333333333333,0.4,10460
1,6,2,0.14285714285714285,0.3333333333333333,0.2,10476
0,4,3,0.0,0.0,0.0,10487
0,9,3,0.0,0.0,0.0,10502
0,2,3,0.0,0.0,0.0,10530
1,10,2,0.09090909090909091,0.3333333333333333,0.14285714285714288,10534
0,3,3,0.0,0.0,0.0,10536
0,2,3,0.0,0.0,0.0,10537
1,3,2,0.25,0.3333333333333333,0.28571428571428575,10538
0,0,3,0.0,0.0,0.0,10542
0,3,3,0.0,0.0,0.0,10555
0,5,3,0.0,0.0,0.0,10589
1,3,2,0.25,0.3333333333333333,0.28571428571428575,10592
0,1,3,0.0,0.0,0.0,10593
0,3,3,0.0,0.0,0.0,10608
0,3,3,0.0,0.0,0.0,10620
0,10,3,0.0,0.0,0.0,10622
0,4,3,0.0,0.0,0.0,10639
1,4,2,0.2,0.3333333333333333,0.25,10645
0,9,3,0.0,0.0,0.0,10646
0,0,3,0.0,0.0,0.0,10659
1,5,2,0.16666666666666666,0.3333333333333333,0.2222222222222222,10665
0,0,3,0.0,0.0,0.0,10693
0,5,3,0.0,0.0,0.0,10738
0,4,3,0.0,0.0,0.0,10747
0,1,3,0.0,0.0,0.0,10750
0,3,3,0.0,0.0,0.0,10772
0,0,3,0.0,0.0,0.0,10780
0,4,3,0.0,0.0,0.0,10785
0,3,3,0.0,0.0,0.0,10814
0,2,3,0.0,0.0,0.0,10819
0,5,3,0.0,0.0,0.0,10820
1,3,2,0.25,0.3333333333333333,0.28571428571428575,10822
0,4,3,0.0,0.0,0.0,10846
0,4,3,0.0,0.0,0.0,10847
0,1,3,0.0,0.0,0.0,10850
0,0,3,0.0,0.0,0.0,10851
0,6,3,0.0,0.0,0.0,10852
0,2,3,0.0,0.0,0.0,10854
1,5,2,0.16666666666666666,0.3333333333333333,0.2222222222222222,10860
1,3,2,0.25,0.3333333333333333,0.28571428571428575,10869
1,8,2,0.1111111111111111,0.3333333333333333,0.16666666666666666,10873
0,4,3,0.0,0.0,0.0,10888
0,3,3,0.0,0.0,0.0,10911
0,3,3,0.0,0.0,0.0,10926
0,1,3,0.0,0.0,0.0,10944
0,3,3,0.0,0.0,0.0,10952
0,1,3,0.0,0.0,0.0,10968
1,3,2,0.25,0.3333333333333333,0.28571428571428575,10970
0,5,3,0.0,0.0,0.0,10972
1,3,2,0.25,0.3333333333333333,0.28571428571428575,10988
2,6,5,0.25,0.2857142857142857,0.26666666666666666,20001
0,2,7,0.0,0.0,0.0,20040
0,0,7,0.0,0.0,0.0,20118
1,3,6,0.25,0.14285714285714285,0.18181818181818182,20158
3,2,4,0.6,0.42857142857142855,0.5,20167
2,9,5,0.18181818181818182,0.2857142857142857,0.2222222222222222,20169
1,6,6,0.14285714285714285,0.14285714285714285,0.14285714285714285,20203
0,3,7,0.0,0.0,0.0,20225
2,2,5,0.5,0.2857142857142857,0.36363636363636365,20259
2,1,5,0.6666666666666666,0.2857142857142857,0.4,20260
2,3,5,0.4,0.2857142857142857,0.3333333333333333,20299
2,4,5,0.3333333333333333,0.2857142857142857,0.30769230769230765,20303
0,0,7,0.0,0.0,0.0,20304
1,3,6,0.25,0.14285714285714285,0.18181818181818182,20360
2,5,5,0.2857142857142857,0.2857142857142857,0.2857142857142857,20377
2,2,5,0.5,0.2857142857142857,0.36363636363636365,20383
2,5,5,0.2857142857142857,0.2857142857142857,0.2857142857142857,20388
1,8,6,0.1111111111111111,0.14285714285714285,0.125,20410
2,2,5,0.5,0.2857142857142857,0.36363636363636365,20445
0,0,7,0.0,0.0,0.0,20458
1,5,6,0.16666666666666666,0.14285714285714285,0.15384615384615383,20492
0,3,7,0.0,0.0,0.0,20507
2,4,5,0.3333333333333333,0.2857142857142857,0.30769230769230765,20540
2,2,5,0.5,0.2857142857142857,0.36363636363636365,20572
2,4,5,0.3333333333333333,0.2857142857142857,0.30769230769230765,20588
2,4,5,0.3333333333333333,0.2857142857142857,0.30769230769230765,20619
2,3,5,0.4,0.2857142857142857,0.3333333333333333,20631
1,2,6,0.3333333333333333,0.14285714285714285,0.2,20643
1,4,6,0.2,0.14285714285714285,0.16666666666666666,20666
0,0,7,0.0,0.0,0.0,20683
1,10,6,0.09090909090909091,0.14285714285714285,0.1111111111111111,20747
1,2,6,0.3333333333333333,0.14285714285714285,0.2,20755
0,7,7,0.0,0.0,0.0,20772
2,6,5,0.25,0.2857142857142857,0.26666666666666666,20791
0,5,7,0.0,0.0,0.0,20877
1,4,6,0.2,0.14285714285714285,0.16666666666666666,20895
0,0,7,0.0,0.0,0.0,20926
1,3,6,0.25,0.14285714285714285,0.18181818181818182,21030
1,4,6,0.2,0.14285714285714285,0.16666666666666666,21051
1,3,6,0.25,0.14285714285714285,0.18181818181818182,21054
1,2,6,0.3333333333333333,0.14285714285714285,0.2,21055
2,7,5,0.2222222222222222,0.2857142857142857,0.25,21113
1,1,6,0.5,0.14285714285714285,0.22222222222222224,21114
0,9,7,0.0,0.0,0.0,21133
1,4,6,0.2,0.14285714285714285,0.16666666666666666,21137
2,6,5,0.25,0.2857142857142857,0.26666666666666666,21141
0,0,7,0.0,0.0,0.0,21151
2,4,5,0.3333333333333333,0.2857142857142857,0.30769230769230765,21184
1,2,6,0.3333333333333333,0.14285714285714285,0.2,21188
0,0,7,0.0,0.0,0.0,21214
0,0,7,0.0,0.0,0.0,21219
1,5,6,0.16666666666666666,0.14285714285714285,0.15384615384615383,21268
1,4,6,0.2,0.14285714285714285,0.16666666666666666,21269
0,0,7,0.0,0.0,0.0,21282
2,3,5,0.4,0.2857142857142857,0.3333333333333333,21285
2,7,5,0.2222222222222222,0.2857142857142857,0.25,21288
2,5,5,0.2857142857142857,0.2857142857142857,0.2857142857142857,21310
1,4,6,0.2,0.14285714285714285,0.16666666666666666,21317
1,5,6,0.16666666666666666,0.14285714285714285,0.15384615384615383,21324
0,14,7,0.0,0.0,0.0,21325
0,8,7,0.0,0.0,0.0,21372
1,4,6,0.2,0.14285714285714285,0.16666666666666666,21391
2,3,5,0.4,0.2857142857142857,0.3333333333333333,21427
1,1,6,0.5,0.14285714285714285,0.22222222222222224,21496
2,3,5,0.4,0.2857142857142857,0.3333333333333333,21532
1,2,6,0.3333333333333333,0.14285714285714285,0.2,21538
2,2,5,0.5,0.2857142857142857,0.36363636363636365,21540
0,2,7,0.0,0.0,0.0,21576
2,2,5,0.5,0.2857142857142857,0.36363636363636365,21591
0,0,7,0.0,0.0,0.0,21614
1,5,6,0.16666666666666666,0.14285714285714285,0.15384615384615383,21621
1,3,6,0.25,0.14285714285714285,0.18181818181818182,21627
2,4,5,0.3333333333333333,0.2857142857142857,0.30769230769230765,21630
1,2,6,0.3333333333333333,0.14285714285714285,0.2,21681
1,2,6,0.3333333333333333,0.14285714285714285,0.2,21686
0,4,7,0.0,0.0,0.0,21706
0,3,7,0.0,0.0,0.0,21724
1,2,6,0.3333333333333333,0.14285714285714285,0.2,21730
2,2,5,0.5,0.2857142857142857,0.36363636363636365,21773
2,7,5,0.2222222222222222,0.2857142857142857,0.25,21807
2,2,5,0.5,0.2857142857142857,0.36363636363636365,21808
1,7,6,0.125,0.14285714285714285,0.13333333333333333,21814
0,0,7,0.0,0.0,0.0,21844
2,3,5,0.4,0.2857142857142857,0.3333333333333333,21853
1,2,6,0.3333333333333333,0.14285714285714285,0.2,21880
0,5,7,0.0,0.0,0.0,21905
3,10,4,0.23076923076923078,0.42857142857142855,0.3,21909
2,4,5,0.3333333333333333,0.2857142857142857,0.30769230769230765,21966
0,3,7,0.0,0.0,0.0,21979
1,6,6,0.14285714285714285,0.14285714285714285,0.14285714285714285,21993
0,0,7,0.0,0.0,0.0,21997
2,3,5,0.4,0.2857142857142857,0.3333333333333333,22015
0,2,7,0.0,0.0,0.0,22023
0,0,7,0.0,0.0,0.0,22053
0,2,7,0.0,0.0,0.0,22081
0,8,7,0.0,0.0,0.0,22083
0,0,7,0.0,0.0,0.0,22091
2,1,5,0.6666666666666666,0.2857142857142857,0.4,22099
0,3,7,0.0,0.0,0.0,22120
2,8,5,0.2,0.2857142857142857,0.23529411764705882,22123
1,5,5,0.16666666666666666,0.16666666666666666,0.16666666666666666,30037
1,5,5,0.16666666666666666,0.16666666666666666,0.16666666666666666,30116
1,5,5,0.16666666666666666,0.16666666666666666,0.16666666666666666,30168
0,10,6,0.0,0.0,0.0,30260
1,4,5,0.2,0.16666666666666666,0.1818181818181818,30437
0,10,6,0.0,0.0,0.0,30515
0,0,6,0.0,0.0,0.0,30549
1,12,5,0.07692307692307693,0.16666666666666666,0.10526315789473684,30591
1,5,5,0.16666666666666666,0.16666666666666666,0.16666666666666666,30628
1,2,5,0.3333333333333333,0.16666666666666666,0.2222222222222222,30772
1,3,5,0.25,0.16666666666666666,0.2,30918
0,1,6,0.0,0.0,0.0,30961
0,4,6,0.0,0.0,0.0,31272
1,3,5,0.25,0.16666666666666666,0.2,31292
1,2,5,0.3333333333333333,0.16666666666666666,0.2222222222222222,31368
1,7,5,0.125,0.16666666666666666,0.14285714285714288,31383
0,4,6,0.0,0.0,0.0,31408
1,2,5,0.3333333333333333,0.16666666666666666,0.2222222222222222,31476
0,0,6,0.0,0.0,0.0,31534
1,2,5,0.3333333333333333,0.16666666666666666,0.2222222222222222,31543
0,0,6,0.0,0.0,0.0,31608
1,3,5,0.25,0.16666666666666666,0.2,31652
1,7,5,0.125,0.16666666666666666,0.14285714285714288,31663
1,2,5,0.3333333333333333,0.16666666666666666,0.2222222222222222,31759
1,2,5,0.3333333333333333,0.16666666666666666,0.2222222222222222,31800
0,2,6,0.0,0.0,0.0,31952
1,4,5,0.2,0.16666666666666666,0.1818181818181818,32588
1,4,5,0.2,0.16666666666666666,0.1818181818181818,32614
1,3,5,0.25,0.16666666666666666,0.2,32657
2,3,4,0.4,0.3333333333333333,0.3636363636363636,32932
0,9,6,0.0,0.0,0.0,32996
1,5,5,0.16666666666666666,0.16666666666666666,0.16666666666666666,33155
1,5,5,0.16666666666666666,0.16666666666666666,0.16666666666666666,33317
0,3,6,0.0,0.0,0.0,33318
1,3,5,0.25,0.16666666666666666,0.2,33415
1,5,5,0.16666666666666666,0.16666666666666666,0.16666666666666666,33417
0,2,6,0.0,0.0,0.0,33444
1,4,5,0.2,0.16666666666666666,0.1818181818181818,33460
1,4,5,0.2,0.16666666666666666,0.1818181818181818,33531
0,5,6,0.0,0.0,0.0,33563
1,6,5,0.14285714285714285,0.16666666666666666,0.15384615384615383,33652
0,3,6,0.0,0.0,0.0,33662
1,1,5,0.5,0.16666666666666666,0.25,34251
1,1,5,0.5,0.16666666666666666,0.25,34264
1,4,5,0.2,0.16666666666666666,0.1818181818181818,34274
0,1,6,0.0,0.0,0.0,34659
1,6,5,0.14285714285714285,0.16666666666666666,0.15384615384615383,34742
1,3,5,0.25,0.16666666666666666,0.2,34766
1,6,5,0.14285714285714285,0.16666666666666666,0.15384615384615383,34803
0,3,6,0.0,0.0,0.0,34827
1,3,5,0.25,0.16666666666666666,0.2,34873
1,2,5,0.3333333333333333,0.16666666666666666,0.2222222222222222,34898
0,0,6,0.0,0.0,0.0,34918
0,0,6,0.0,0.0,0.0,34986
1,2,5,0.3333333333333333,0.16666666666666666,0.2222222222222222,35092
1,4,5,0.2,0.16666666666666666,0.1818181818181818,35141
1,13,5,0.07142857142857142,0.16666666666666666,0.1,35187
1,4,5,0.2,0.16666666666666666,0.1818181818181818,35333
0,5,6,0.0,0.0,0.0,35360
1,10,5,0.09090909090909091,0.16666666666666666,0.11764705882352942,35441
1,2,5,0.3333333333333333,0.16666666666666666,0.2222222222222222,35741
1,4,5,0.2,0.16666666666666666,0.1818181818181818,35804
1,4,5,0.2,0.16666666666666666,0.1818181818181818,35950
1,8,5,0.1111111111111111,0.16666666666666666,0.13333333333333333,36166
1,4,5,0.2,0.16666666666666666,0.1818181818181818,36325
1,6,5,0.14285714285714285,0.16666666666666666,0.15384615384615383,36481
1,3,5,0.25,0.16666666666666666,0.2,36485
1,5,5,0.16666666666666666,0.16666666666666666,0.16666666666666666,36515
1,4,5,0.2,0.16666666666666666,0.1818181818181818,36652
1,5,5,0.16666666666666666,0.16666666666666666,0.16666666666666666,36668
0,4,6,0.0,0.0,0.0,36682
0,5,6,0.0,0.0,0.0,36783
1,2,5,0.3333333333333333,0.16666666666666666,0.2222222222222222,36990
1,6,5,0.14285714285714285,0.16666666666666666,0.15384615384615383,37081
1,3,5,0.25,0.16666666666666666,0.2,37121
1,2,5,0.3333333333333333,0.16666666666666666,0.2222222222222222,37140
1,7,5,0.125,0.16666666666666666,0.14285714285714288,37186
0,8,6,0.0,0.0,0.0,37240
0,0,6,0.0,0.0,0.0,37417
1,12,5,0.07692307692307693,0.16666666666666666,0.10526315789473684,37726
1,5,5,0.16666666666666666,0.16666666666666666,0.16666666666666666,38061
2,3,4,0.4,0.3333333333333333,0.3636363636363636,38075
1,6,5,0.14285714285714285,0.16666666666666666,0.15384615384615383,38238
1,3,5,0.25,0.16666666666666666,0.2,38546
0,4,6,0.0,0.0,0.0,38590
0,11,6,0.0,0.0,0.0,38597
0,0,6,0.0,0.0,0.0,38690
1,2,5,0.3333333333333333,0.16666666666666666,0.2222222222222222,38842
1,1,5,0.5,0.16666666666666666,0.25,39044
1,6,5,0.14285714285714285,0.16666666666666666,0.15384615384615383,39059
0,8,6,0.0,0.0,0.0,39149
1,6,5,0.14285714285714285,0.16666666666666666,0.15384615384615383,39190
1,7,5,0.125,0.16666666666666666,0.14285714285714288,39276
1,6,5,0.14285714285714285,0.16666666666666666,0.15384615384615383,39338
1,8,5,0.1111111111111111,0.16666666666666666,0.13333333333333333,39350
1,4,5,0.2,0.16666666666666666,0.1818181818181818,39449
1,4,5,0.2,0.16666666666666666,0.1818181818181818,39654
0,0,6,0.0,0.0,0.0,39665
2,2,4,0.5,0.3333333333333333,0.4,39846
0,0,6,0.0,0.0,0.0,39921
0,1,5,0.0,0.0,0.0,40045
1,2,4,0.3333333333333333,0.2,0.25,40085
0,6,5,0.0,0.0,0.0,40139
1,2,4,0.3333333333333333,0.2,0.25,40175
0,3,5,0.0,0.0,0.0,40187
0,0,5,0.0,0.0,0.0,40426
1,2,4,0.3333333333333333,0.2,0.25,40523
0,4,5,0.0,0.0,0.0,40573
0,4,5,0.0,0.0,0.0,40642
0,4,5,0.0,0.0,0.0,40705
1,3,4,0.25,0.2,0.22222222222222224,40923
0,4,5,0.0,0.0,0.0,40974
1,3,4,0.25,0.2,0.22222222222222224,40984
0,4,5,0.0,0.0,0.0,41021
0,7,5,0.0,0.0,0.0,41058
0,3,5,0.0,0.0,0.0,41065
0,2,5,0.0,0.0,0.0,41067
0,0,5,0.0,0.0,0.0,41089
0,0,5,0.0,0.0,0.0,41130
0,11,5,0.0,0.0,0.0,41281
1,2,4,0.3333333333333333,0.2,0.25,41288
0,0,5,0.0,0.0,0.0,41318
0,2,5,0.0,0.0,0.0,41376
0,0,5,0.0,0.0,0.0,41401
0,4,5,0.0,0.0,0.0,41434
0,3,5,0.0,0.0,0.0,41658
1,3,4,0.25,0.2,0.22222222222222224,41685
1,5,4,0.16666666666666666,0.2,0.1818181818181818,41707
1,7,4,0.125,0.2,0.15384615384615385,41775
0,4,5,0.0,0.0,0.0,41825
0,0,5,0.0,0.0,0.0,41863
0,3,5,0.0,0.0,0.0,42031
0,0,5,0.0,0.0,0.0,42084
0,1,5,0.0,0.0,0.0,42113
1,2,4,0.3333333333333333,0.2,0.25,42160
0,4,5,0.0,0.0,0.0,42262
1,4,4,0.2,0.2,0.20000000000000004,42273
1,9,4,0.1,0.2,0.13333333333333333,42356
0,0,5,0.0,0.0,0.0,42406
1,4,4,0.2,0.2,0.20000000000000004,42427
1,8,4,0.1111111111111111,0.2,0.14285714285714285,42462
0,0,5,0.0,0.0,0.0,42499
0,5,5,0.0,0.0,0.0,42520
1,7,4,0.125,0.2,0.15384615384615385,42523
0,2,5,0.0,0.0,0.0,42528
0,0,5,0.0,0.0,0.0,42543
0,2,5,0.0,0.0,0.0,42574
0,10,5,0.0,0.0,0.0,42580
0,0,5,0.0,0.0,0.0,42625
1,2,4,0.3333333333333333,0.2,0.25,42646
0,0,5,0.0,0.0,0.0,42700
0,3,5,0.0,0.0,0.0,42726
0,0,5,0.0,0.0,0.0,42786
2,1,3,0.6666666666666666,0.4,0.5,42802
1,2,4,0.3333333333333333,0.2,0.25,42815
1,3,4,0.25,0.2,0.22222222222222224,42823
2,2,3,0.5,0.4,0.4444444444444445,42837
0,0,5,0.0,0.0,0.0,42930
1,5,4,0.16666666666666666,0.2,0.1818181818181818,43003
0,0,5,0.0,0.0,0.0,43054
0,0,5,0.0,0.0,0.0,43074
0,9,5,0.0,0.0,0.0,43118
1,4,4,0.2,0.2,0.20000000000000004,43241
0,2,5,0.0,0.0,0.0,43252
0,4,5,0.0,0.0,0.0,43311
1,3,4,0.25,0.2,0.22222222222222224,43368
0,4,5,0.0,0.0,0.0,43451
0,4,5,0.0,0.0,0.0,43522
0,0,5,0.0,0.0,0.0,43546
0,5,5,0.0,0.0,0.0,43574
0,3,5,0.0,0.0,0.0,43669
0,1,5,0.0,0.0,0.0,43693
0,0,5,0.0,0.0,0.0,43724
0,4,5,0.0,0.0,0.0,43819
0,0,5,0.0,0.0,0.0,43912
1,2,4,0.3333333333333333,0.2,0.25,44005
0,2,5,0.0,0.0,0.0,44028
0,2,5,0.0,0.0,0.0,44061
1,5,4,0.16666666666666666,0.2,0.1818181818181818,44247
0,0,5,0.0,0.0,0.0,44254
0,10,5,0.0,0.0,0.0,44299
1,2,4,0.3333333333333333,0.2,0.25,44328
1,1,4,0.5,0.2,0.28571428571428575,44364
1,3,4,0.25,0.2,0.22222222222222224,44382
0,2,5,0.0,0.0,0.0,44390
1,2,4,0.3333333333333333,0.2,0.25,44391
0,0,5,0.0,0.0,0.0,44480
1,3,4,0.25,0.2,0.22222222222222224,44534
0,0,5,0.0,0.0,0.0,44544
0,2,5,0.0,0.0,0.0,44586
0,2,5,0.0,0.0,0.0,44612
1,2,4,0.3333333333333333,0.2,0.25,44641
0,2,5,0.0,0.0,0.0,44815
0,0,5,0.0,0.0,0.0,44844
0,0,5,0.0,0.0,0.0,44866
1,2,4,0.3333333333333333,0.2,0.25,44921
0,3,5,0.0,0.0,0.0,44958
0,1,5,0.0,0.0,0.0,45218
0,3,5,0.0,0.0,0.0,45266
0,4,5,0.0,0.0,0.0,45497
0,7,8,0.0,0.0,0.0,50072
0,12,8,0.0,0.0,0.0,50199
0,0,8,0.0,0.0,0.0,50375
0,5,8,0.0,0.0,0.0,50535
0,6,8,0.0,0.0,0.0,50541
0,2,8,0.0,0.0,0.0,50571
0,3,8,0.0,0.0,0.0,50574
0,6,8,0.0,0.0,0.0,50607
0,2,8,0.0,0.0,0.0,50615
1,5,7,0.16666666666666666,0.125,0.14285714285714288,50877
0,7,8,0.0,0.0,0.0,50886
0,0,8,0.0,0.0,0.0,50897
0,4,8,0.0,0.0,0.0,50910
0,6,8,0.0,0.0,0.0,51040
1,2,7,0.3333333333333333,0.125,0.18181818181818182,51065
1,6,7,0.14285714285714285,0.125,0.13333333333333333,51250
2,11,6,0.15384615384615385,0.25,0.1904761904761905,51403
1,6,7,0.14285714285714285,0.125,0.13333333333333333,51426
0,9,8,0.0,0.0,0.0,51439
0,6,8,0.0,0.0,0.0,51454
0,5,8,0.0,0.0,0.0,51475
0,6,8,0.0,0.0,0.0,51533
0,4,8,0.0,0.0,0.0,51760
1,4,7,0.2,0.125,0.15384615384615385,51939
1,3,7,0.25,0.125,0.16666666666666666,52051
0,7,8,0.0,0.0,0.0,52140
1,8,7,0.1111111111111111,0.125,0.11764705882352941,52317
1,5,7,0.16666666666666666,0.125,0.14285714285714288,52323
0,6,8,0.0,0.0,0.0,52390
1,6,7,0.14285714285714285,0.125,0.13333333333333333,52512
0,4,8,0.0,0.0,0.0,52588
0,4,8,0.0,0.0,0.0,52661
2,4,6,0.3333333333333333,0.25,0.28571428571428575,52714
1,4,7,0.2,0.125,0.15384615384615385,52745
0,0,8,0.0,0.0,0.0,52835
0,6,8,0.0,0.0,0.0,52874
0,6,8,0.0,0.0,0.0,52890
0,4,8,0.0,0.0,0.0,52910
0,0,8,0.0,0.0,0.0,52923
1,5,7,0.16666666666666666,0.125,0.14285714285714288,52932
1,6,7,0.14285714285714285,0.125,0.13333333333333333,52979
0,7,8,0.0,0.0,0.0,53035
0,7,8,0.0,0.0,0.0,53039
0,3,8,0.0,0.0,0.0,53092
0,0,8,0.0,0.0,0.0,53129
0,7,8,0.0,0.0,0.0,53152
2,6,6,0.25,0.25,0.25,53161
1,4,7,0.2,0.125,0.15384615384615385,53327
1,7,7,0.125,0.125,0.125,53373
1,5,7,0.16666666666666666,0.125,0.14285714285714288,53527
1,6,7,0.14285714285714285,0.125,0.13333333333333333,53698
1,4,7,0.2,0.125,0.15384615384615385,53711
0,0,8,0.0,0.0,0.0,53840
1,7,7,0.125,0.125,0.125,53954
0,0,8,0.0,0.0,0.0,54131
1,13,7,0.07142857142857142,0.125,0.09090909090909091,54207
0,5,8,0.0,0.0,0.0,54220
0,0,8,0.0,0.0,0.0,54222
0,8,8,0.0,0.0,0.0,54226
1,5,7,0.16666666666666666,0.125,0.14285714285714288,54228
0,7,8,0.0,0.0,0.0,54323
0,7,8,0.0,0.0,0.0,54341
1,4,7,0.2,0.125,0.15384615384615385,54459
0,11,8,0.0,0.0,0.0,54511
0,5,8,0.0,0.0,0.0,54517
0,0,8,0.0,0.0,0.0,54564
0,3,8,0.0,0.0,0.0,54660
0,6,8,0.0,0.0,0.0,54791
0,5,8,0.0,0.0,0.0,54804
0,10,8,0.0,0.0,0.0,54889
1,6,7,0.14285714285714285,0.125,0.13333333333333333,54901
1,4,7,0.2,0.125,0.15384615384615385,54957
1,8,7,0.1111111111111111,0.125,0.11764705882352941,55009
0,0,8,0.0,0.0,0.0,55012
0,10,8,0.0,0.0,0.0,55035
0,5,8,0.0,0.0,0.0,55060
1,2,7,0.3333333333333333,0.125,0.18181818181818182,55083
1,4,7,0.2,0.125,0.15384615384615385,55117
0,7,8,0.0,0.0,0.0,55153
1,5,7,0.16666666666666666,0.125,0.14285714285714288,55230
0,5,8,0.0,0.0,0.0,55410
1,5,7,0.16666666666666666,0.125,0.14285714285714288,55507
0,0,8,0.0,0.0,0.0,55578
0,9,8,0.0,0.0,0.0,55584
0,4,8,0.0,0.0,0.0,55601
0,0,8,0.0,0.0,0.0,55634
0,7,8,0.0,0.0,0.0,55825
0,0,8,0.0,0.0,0.0,55853
1,4,7,0.2,0.125,0.15384615384615385,55923
0,7,8,0.0,0.0,0.0,55930
1,5,7,0.16666666666666666,0.125,0.14285714285714288,55992
0,6,8,0.0,0.0,0.0,56372
0,6,8,0.0,0.0,0.0,56456
0,5,8,0.0,0.0,0.0,56517
0,5,8,0.0,0.0,0.0,56522
0,6,8,0.0,0.0,0.0,56535
2,5,6,0.2857142857142857,0.25,0.26666666666666666,56642
0,5,8,0.0,0.0,0.0,56697
0,7,8,0.0,0.0,0.0,56841
0,0,8,0.0,0.0,0.0,57026
0,3,5,0.0,0.0,0.0,60004
1,6,4,0.14285714285714285,0.2,0.16666666666666666,60020
1,3,4,0.25,0.2,0.22222222222222224,60049
1,3,4,0.25,0.2,0.22222222222222224,60056
0,8,5,0.0,0.0,0.0,60059
1,1,4,0.5,0.2,0.28571428571428575,60078
0,0,5,0.0,0.0,0.0,60095
0,4,5,0.0,0.0,0.0,60111
0,3,5,0.0,0.0,0.0,60116
1,2,4,0.3333333333333333,0.2,0.25,60121
0,2,5,0.0,0.0,0.0,60160
0,3,5,0.0,0.0,0.0,60173
0,0,5,0.0,0.0,0.0,60203
1,3,4,0.25,0.2,0.22222222222222224,60229
1,3,4,0.25,0.2,0.22222222222222224,60235
0,4,5,0.0,0.0,0.0,60247
0,4,5,0.0,0.0,0.0,60248
0,0,5,0.0,0.0,0.0,60266
0,0,5,0.0,0.0,0.0,60315
0,6,5,0.0,0.0,0.0,60319
1,3,4,0.25,0.2,0.22222222222222224,60338
0,4,5,0.0,0.0,0.0,60341
0,7,5,0.0,0.0,0.0,60342
0,9,5,0.0,0.0,0.0,60407
1,4,4,0.2,0.2,0.20000000000000004,60417
1,5,4,0.16666666666666666,0.2,0.1818181818181818,60421
0,0,5,0.0,0.0,0.0,60466
0,4,5,0.0,0.0,0.0,60469
1,8,4,0.1111111111111111,0.2,0.14285714285714285,60506
1,4,4,0.2,0.2,0.20000000000000004,60517
0,7,5,0.0,0.0,0.0,60564
2,5,3,0.2857142857142857,0.4,0.3333333333333333,60575
0,4,5,0.0,0.0,0.0,60585
1,5,4,0.16666666666666666,0.2,0.1818181818181818,60619
0,13,5,0.0,0.0,0.0,60620
1,5,4,0.16666666666666666,0.2,0.1818181818181818,60654
0,2,5,0.0,0.0,0.0,60664
0,9,5,0.0,0.0,0.0,60666
1,3,4,0.25,0.2,0.22222222222222224,60671
1,1,4,0.5,0.2,0.28571428571428575,60699
0,8,5,0.0,0.0,0.0,60700
0,4,5,0.0,0.0,0.0,60702
1,5,4,0.16666666666666666,0.2,0.1818181818181818,60749
0,0,5,0.0,0.0,0.0,60757
1,3,4,0.25,0.2,0.22222222222222224,60770
0,7,5,0.0,0.0,0.0,60792
2,5,3,0.2857142857142857,0.4,0.3333333333333333,60798
1,3,4,0.25,0.2,0.22222222222222224,60802
0,0,5,0.0,0.0,0.0,60827
1,9,4,0.1,0.2,0.13333333333333333,60867
1,4,4,0.2,0.2,0.20000000000000004,60911
1,3,4,0.25,0.2,0.22222222222222224,60913
1,3,4,0.25,0.2,0.22222222222222224,60922
0,5,5,0.0,0.0,0.0,60941
0,3,5,0.0,0.0,0.0,60951
0,6,5,0.0,0.0,0.0,60955
1,6,4,0.14285714285714285,0.2,0.16666666666666666,60962
0,4,5,0.0,0.0,0.0,60977
0,4,5,0.0,0.0,0.0,60998
1,3,4,0.25,0.2,0.22222222222222224,61003
1,3,4,0.25,0.2,0.22222222222222224,61018
1,4,4,0.2,0.2,0.20000000000000004,61054
0,2,5,0.0,0.0,0.0,61080
1,3,4,0.25,0.2,0.22222222222222224,61086
0,4,5,0.0,0.0,0.0,61125
0,4,5,0.0,0.0,0.0,61146
1,2,4,0.3333333333333333,0.2,0.25,61152
1,4,4,0.2,0.2,0.20000000000000004,61164
1,5,4,0.16666666666666666,0.2,0.1818181818181818,61185
0,4,5,0.0,0.0,0.0,61205
0,1,5,0.0,0.0,0.0,61218
1,4,4,0.2,0.2,0.20000000000000004,61232
1,3,4,0.25,0.2,0.22222222222222224,61244
1,10,4,0.09090909090909091,0.2,0.12500000000000003,61289
1,4,4,0.2,0.2,0.20000000000000004,61357
1,7,4,0.125,0.2,0.15384615384615385,61361
0,4,5,0.0,0.0,0.0,61407
0,4,5,0.0,0.0,0.0,61414
1,5,4,0.16666666666666666,0.2,0.1818181818181818,61436
0,1,5,0.0,0.0,0.0,61445
0,4,5,0.0,0.0,0.0,61482
1,2,4,0.3333333333333333,0.2,0.25,61497
2,2,3,0.5,0.4,0.4444444444444445,61548
1,6,4,0.14285714285714285,0.2,0.16666666666666666,61552
1,4,4,0.2,0.2,0.20000000000000004,61556
0,0,5,0.0,0.0,0.0,61591
0,0,5,0.0,0.0,0.0,61642
1,4,4,0.2,0.2,0.20000000000000004,61643
1,1,4,0.5,0.2,0.28571428571428575,61656
1,2,4,0.3333333333333333,0.2,0.25,61657
0,5,5,0.0,0.0,0.0,61659
2,1,3,0.6666666666666666,0.4,0.5,61663
0,3,5,0.0,0.0,0.0,61668
1,5,4,0.16666666666666666,0.2,0.1818181818181818,61673
0,4,5,0.0,0.0,0.0,61718
1,2,4,0.3333333333333333,0.2,0.25,61738
1,3,4,0.25,0.2,0.22222222222222224,61747
2,4,3,0.3333333333333333,0.4,0.3636363636363636,61761
0,4,5,0.0,0.0,0.0,61765
1,2,4,0.3333333333333333,0.2,0.25,61768
0,7,3,0.0,0.0,0.0,70087
1,2,2,0.3333333333333333,0.3333333333333333,0.3333333333333333,70163
1,5,2,0.16666666666666666,0.3333333333333333,0.2222222222222222,70221
2,3,1,0.4,0.6666666666666666,0.5,70243
1,3,2,0.25,0.3333333333333333,0.28571428571428575,70255
2,2,1,0.5,0.6666666666666666,0.5714285714285715,70276
0,1,3,0.0,0.0,0.0,70332
2,4,1,0.3333333333333333,0.6666666666666666,0.4444444444444444,70399
1,1,2,0.5,0.3333333333333333,0.4,70412
1,4,2,0.2,0.3333333333333333,0.25,70442
0,0,3,0.0,0.0,0.0,70445
1,8,2,0.1111111111111111,0.3333333333333333,0.16666666666666666,70507
0,7,3,0.0,0.0,0.0,70511
0,0,3,0.0,0.0,0.0,70551
0,5,3,0.0,0.0,0.0,70616
1,2,2,0.3333333333333333,0.3333333333333333,0.3333333333333333,70730
0,5,3,0.0,0.0,0.0,70749
0,2,3,0.0,0.0,0.0,70786
2,5,1,0.2857142857142857,0.6666666666666666,0.4,70792
0,10,3,0.0,0.0,0.0,70847
0,0,3,0.0,0.0,0.0,70929
0,0,3,0.0,0.0,0.0,70939
0,0,3,0.0,0.0,0.0,71014
1,3,2,0.25,0.3333333333333333,0.28571428571428575,71031
3,2,0,0.6,1.0,0.7499999999999999,71194
0,1,3,0.0,0.0,0.0,71205
0,4,3,0.0,0.0,0.0,71213
0,4,3,0.0,0.0,0.0,71235
0,4,3,0.0,0.0,0.0,71344
1,4,2,0.2,0.3333333333333333,0.25,71432
0,0,3,0.0,0.0,0.0,71449
2,3,1,0.4,0.6666666666666666,0.5,71453
0,4,3,0.0,0.0,0.0,71501
0,4,3,0.0,0.0,0.0,71531
1,4,2,0.2,0.3333333333333333,0.25,71534
0,4,3,0.0,0.0,0.0,71551
1,1,2,0.5,0.3333333333333333,0.4,71562
1,4,2,0.2,0.3333333333333333,0.25,71649
0,3,3,0.0,0.0,0.0,71653
0,3,3,0.0,0.0,0.0,71658
0,0,3,0.0,0.0,0.0,71724
0,3,3,0.0,0.0,0.0,71735
2,5,1,0.2857142857142857,0.6666666666666666,0.4,71758
1,4,2,0.2,0.3333333333333333,0.25,71777
0,0,3,0.0,0.0,0.0,71861
0,4,3,0.0,0.0,0.0,71865
2,1,1,0.6666666666666666,0.6666666666666666,0.6666666666666666,71895
0,4,3,0.0,0.0,0.0,71937
0,6,3,0.0,0.0,0.0,71938
1,7,2,0.125,0.3333333333333333,0.18181818181818182,71953
0,0,3,0.0,0.0,0.0,71991
0,4,3,0.0,0.0,0.0,72005
0,0,3,0.0,0.0,0.0,72030
1,4,2,0.2,0.3333333333333333,0.25,72034
0,0,3,0.0,0.0,0.0,72111
1,4,2,0.2,0.3333333333333333,0.25,72125
0,3,3,0.0,0.0,0.0,72206
0,0,3,0.0,0.0,0.0,72207
0,0,3,0.0,0.0,0.0,72225
0,4,3,0.0,0.0,0.0,72542
0,4,3,0.0,0.0,0.0,72549
0,8,3,0.0,0.0,0.0,72553
1,6,2,0.14285714285714285,0.3333333333333333,0.2,72557
2,1,1,0.6666666666666666,0.6666666666666666,0.6666666666666666,72558
0,3,3,0.0,0.0,0.0,72559
1,4,2,0.2,0.3333333333333333,0.25,72566
1,3,2,0.25,0.3333333333333333,0.28571428571428575,72572
0,0,3,0.0,0.0,0.0,72617
0,1,3,0.0,0.0,0.0,72660
0,0,3,0.0,0.0,0.0,72757
0,3,3,0.0,0.0,0.0,72765
0,0,3,0.0,0.0,0.0,72781
0,4,3,0.0,0.0,0.0,72790
0,5,3,0.0,0.0,0.0,72905
1,2,2,0.3333333333333333,0.3333333333333333,0.3333333333333333,73153
1,4,2,0.2,0.3333333333333333,0.25,73155
0,1,3,0.0,0.0,0.0,73209
1,3,2,0.25,0.3333333333333333,0.28571428571428575,73296
2,3,1,0.4,0.6666666666666666,0.5,73325
0,4,3,0.0,0.0,0.0,73356
1,4,2,0.2,0.3333333333333333,0.25,73387
2,1,1,0.6666666666666666,0.6666666666666666,0.6666666666666666,73395
1,4,2,0.2,0.3333333333333333,0.25,73431
0,5,3,0.0,0.0,0.0,73490
0,4,3,0.0,0.0,0.0,73555
2,2,1,0.5,0.6666666666666666,0.5714285714285715,73635
1,3,2,0.25,0.3333333333333333,0.28571428571428575,73640
0,5,3,0.0,0.0,0.0,73681
0,3,3,0.0,0.0,0.0,73734
0,0,3,0.0,0.0,0.0,73784
0,4,3,0.0,0.0,0.0,73792
0,0,3,0.0,0.0,0.0,73834
0,3,3,0.0,0.0,0.0,73974
0,6,3,0.0,0.0,0.0,73999
1,3,2,0.25,0.3333333333333333,0.28571428571428575,74000
1,4,2,0.2,0.3333333333333333,0.25,74009
2,0,1,1.0,0.6666666666666666,0.8,74011
0,14,3,0.0,0.0,0.0,74016
0,5,3,0.0,0.0,0.0,74080
0,0,3,0.0,0.0,0.0,74087
3,6,8,0.3333333333333333,0.2727272727272727,0.3,80039
1,2,10,0.3333333333333333,0.09090909090909091,0.14285714285714288,80042
0,8,11,0.0,0.0,0.0,80066
2,3,9,0.4,0.18181818181818182,0.25000000000000006,80098
1,6,10,0.14285714285714285,0.09090909090909091,0.1111111111111111,80245
2,5,9,0.2857142857142857,0.18181818181818182,0.2222222222222222,80307
1,6,10,0.14285714285714285,0.09090909090909091,0.1111111111111111,80341
1,6,10,0.14285714285714285,0.09090909090909091,0.1111111111111111,80357
2,6,9,0.25,0.18181818181818182,0.2105263157894737,80394
0,0,11,0.0,0.0,0.0,80439
0,7,11,0.0,0.0,0.0,80441
1,6,10,0.14285714285714285,0.09090909090909091,0.1111111111111111,80493
2,4,9,0.3333333333333333,0.18181818181818182,0.23529411764705885,80525
1,5,10,0.16666666666666666,0.09090909090909091,0.11764705882352942,80529
0,2,11,0.0,0.0,0.0,80656
1,8,10,0.1111111111111111,0.09090909090909091,0.09999999999999999,80686
2,9,9,0.18181818181818182,0.18181818181818182,0.18181818181818182,80706
4,4,7,0.5,0.36363636363636365,0.4210526315789474,80802
0,5,11,0.0,0.0,0.0,80857
1,4,10,0.2,0.09090909090909091,0.12500000000000003,80919
1,11,10,0.08333333333333333,0.09090909090909091,0.08695652173913043,80929
2,7,9,0.2222222222222222,0.18181818181818182,0.19999999999999998,80946
0,0,11,0.0,0.0,0.0,80948
1,5,10,0.16666666666666666,0.09090909090909091,0.11764705882352942,80950
1,5,10,0.16666666666666666,0.09090909090909091,0.11764705882352942,81015
2,6,9,0.25,0.18181818181818182,0.2105263157894737,81124
3,3,8,0.5,0.2727272727272727,0.3529411764705882,81138
1,7,10,0.125,0.09090909090909091,0.10526315789473685,81195
0,0,11,0.0,0.0,0.0,81320
2,7,9,0.2222222222222222,0.18181818181818182,0.19999999999999998,81385
3,4,8,0.42857142857142855,0.2727272727272727,0.33333333333333326,81416
2,8,9,0.2,0.18181818181818182,0.1904761904761905,81437
3,4,8,0.42857142857142855,0.2727272727272727,0.33333333333333326,81445
0,0,11,0.0,0.0,0.0,81538
0,0,11,0.0,0.0,0.0,81548
0,10,11,0.0,0.0,0.0,81575
1,5,10,0.16666666666666666,0.09090909090909091,0.11764705882352942,81672
2,1,9,0.6666666666666666,0.18181818181818182,0.28571428571428575,81678
0,7,11,0.0,0.0,0.0,81687
0,2,11,0.0,0.0,0.0,81773
0,3,11,0.0,0.0,0.0,81811
4,6,7,0.4,0.36363636363636365,0.380952380952381,81856
1,4,10,0.2,0.09090909090909091,0.12500000000000003,81876
2,5,9,0.2857142857142857,0.18181818181818182,0.2222222222222222,81877
0,0,11,0.0,0.0,0.0,81880
2,4,9,0.3333333333333333,0.18181818181818182,0.23529411764705885,81900
0,0,11,0.0,0.0,0.0,81979
3,6,8,0.3333333333333333,0.2727272727272727,0.3,81984
0,2,11,0.0,0.0,0.0,81985
1,6,10,0.14285714285714285,0.09090909090909091,0.1111111111111111,82005
0,0,11,0.0,0.0,0.0,82022
2,4,9,0.3333333333333333,0.18181818181818182,0.23529411764705885,82028
1,9,10,0.1,0.09090909090909091,0.09523809523809525,82080
2,5,9,0.2857142857142857,0.18181818181818182,0.2222222222222222,82139
0,4,11,0.0,0.0,0.0,82187
0,8,11,0.0,0.0,0.0,82292
2,6,9,0.25,0.18181818181818182,0.2105263157894737,82313
2,5,9,0.2857142857142857,0.18181818181818182,0.2222222222222222,82434
0,2,11,0.0,0.0,0.0,82468
0,0,11,0.0,0.0,0.0,82494
2,5,9,0.2857142857142857,0.18181818181818182,0.2222222222222222,82515
0,0,11,0.0,0.0,0.0,82622
1,6,10,0.14285714285714285,0.09090909090909091,0.1111111111111111,82752
2,3,9,0.4,0.18181818181818182,0.25000000000000006,82796
2,5,9,0.2857142857142857,0.18181818181818182,0.2222222222222222,82799
1,5,10,0.16666666666666666,0.09090909090909091,0.11764705882352942,82817
0,0,11,0.0,0.0,0.0,82843
0,7,11,0.0,0.0,0.0,82848
1,7,10,0.125,0.09090909090909091,0.10526315789473685,82869
0,6,11,0.0,0.0,0.0,82904
0,4,11,0.0,0.0,0.0,82967
0,12,11,0.0,0.0,0.0,82992
0,8,11,0.0,0.0,0.0,83185
0,0,11,0.0,0.0,0.0,83199
0,0,11,0.0,0.0,0.0,83220
3,6,8,0.3333333333333333,0.2727272727272727,0.3,83333
2,4,9,0.3333333333333333,0.18181818181818182,0.23529411764705885,83376
0,3,11,0.0,0.0,0.0,83400
1,6,10,0.14285714285714285,0.09090909090909091,0.1111111111111111,83514
0,3,11,0.0,0.0,0.0,83575
0,0,11,0.0,0.0,0.0,83598
2,5,9,0.2857142857142857,0.18181818181818182,0.2222222222222222,83686
0,0,11,0.0,0.0,0.0,83757
1,8,10,0.1111111111111111,0.09090909090909091,0.09999999999999999,83794
0,2,11,0.0,0.0,0.0,83843
0,0,11,0.0,0.0,0.0,83893
4,6,7,0.4,0.36363636363636365,0.380952380952381,83907
2,5,9,0.2857142857142857,0.18181818181818182,0.2222222222222222,83918
0,0,11,0.0,0.0,0.0,83939
0,10,11,0.0,0.0,0.0,83953
1,6,10,0.14285714285714285,0.09090909090909091,0.1111111111111111,83955
0,6,11,0.0,0.0,0.0,84000
0,0,11,0.0,0.0,0.0,84055
2,4,9,0.3333333333333333,0.18181818181818182,0.23529411764705885,84095
1,2,10,0.3333333333333333,0.09090909090909091,0.14285714285714288,84105
3,5,8,0.375,0.2727272727272727,0.3157894736842105,84191
1,3,10,0.25,0.09090909090909091,0.13333333333333333,84231
2,8,9,0.2,0.18181818181818182,0.1904761904761905,84255
1,5,10,0.16666666666666666,0.09090909090909091,0.11764705882352942,84273
1,7,10,0.125,0.09090909090909091,0.10526315789473685,84366
3,1,5,0.75,0.375,0.5,90127
2,4,6,0.3333333333333333,0.25,0.28571428571428575,90178
3,10,5,0.23076923076923078,0.375,0.2857142857142857,90213
3,7,5,0.3,0.375,0.33333333333333326,90223
0,9,8,0.0,0.0,0.0,90229
3,4,5,0.42857142857142855,0.375,0.39999999999999997,90325
2,4,6,0.3333333333333333,0.25,0.28571428571428575,90478
3,3,5,0.5,0.375,0.42857142857142855,90633
2,5,6,0.2857142857142857,0.25,0.26666666666666666,90637
1,11,7,0.08333333333333333,0.125,0.1,90640
3,5,5,0.375,0.375,0.375,90719
0,0,8,0.0,0.0,0.0,90766
0,1,8,0.0,0.0,0.0,90900
2,5,6,0.2857142857142857,0.25,0.26666666666666666,90911
3,4,5,0.42857142857142855,0.375,0.39999999999999997,90922
0,6,8,0.0,0.0,0.0,91036
4,0,4,1.0,0.5,0.6666666666666666,91233
3,4,5,0.42857142857142855,0.375,0.39999999999999997,91251
4,3,4,0.5714285714285714,0.5,0.5333333333333333,91253
0,0,8,0.0,0.0,0.0,91299
1,4,7,0.2,0.125,0.15384615384615385,91304
1,4,7,0.2,0.125,0.15384615384615385,91500
4,2,4,0.6666666666666666,0.5,0.5714285714285715,91509
0,0,8,0.0,0.0,0.0,91563
0,0,8,0.0,0.0,0.0,91594
3,5,5,0.375,0.375,0.375,91601
0,0,8,0.0,0.0,0.0,91613
1,5,7,0.16666666666666666,0.125,0.14285714285714288,91711
3,9,5,0.25,0.375,0.3,91721
0,0,8,0.0,0.0,0.0,91736
4,3,4,0.5714285714285714,0.5,0.5333333333333333,91776
3,1,5,0.75,0.375,0.5,91922
3,5,5,0.375,0.375,0.375,92081
2,1,6,0.6666666666666666,0.25,0.36363636363636365,92097
1,9,7,0.1,0.125,0.11111111111111112,92118
0,1,8,0.0,0.0,0.0,92194
0,7,8,0.0,0.0,0.0,92203
2,9,6,0.18181818181818182,0.25,0.2105263157894737,92224
0,0,8,0.0,0.0,0.0,92263
4,1,4,0.8,0.5,0.6153846153846154,92300
2,6,6,0.25,0.25,0.25,92364
3,6,5,0.3333333333333333,0.375,0.35294117647058826,92385
2,2,6,0.5,0.25,0.3333333333333333,92419
1,3,7,0.25,0.125,0.16666666666666666,92464
0,1,8,0.0,0.0,0.0,92564
3,5,5,0.375,0.375,0.375,92590
2,1,6,0.6666666666666666,0.25,0.36363636363636365,92596
0,2,8,0.0,0.0,0.0,92655
1,8,7,0.1111111111111111,0.125,0.11764705882352941,92680
2,4,6,0.3333333333333333,0.25,0.28571428571428575,92688
1,7,7,0.125,0.125,0.125,92699
2,7,6,0.2222222222222222,0.25,0.23529411764705882,92768
0,0,8,0.0,0.0,0.0,92985
3,3,5,0.5,0.375,0.42857142857142855,93113
0,0,8,0.0,0.0,0.0,93115
3,6,5,0.3333333333333333,0.375,0.35294117647058826,93138
0,1,8,0.0,0.0,0.0,93160
0,7,8,0.0,0.0,0.0,93216
0,2,8,0.0,0.0,0.0,93296
2,5,6,0.2857142857142857,0.25,0.26666666666666666,93346
3,1,5,0.75,0.375,0.5,93362
0,0,8,0.0,0.0,0.0,93413
2,9,6,0.18181818181818182,0.25,0.2105263157894737,93486
2,2,6,0.5,0.25,0.3333333333333333,93527
1,5,7,0.16666666666666666,0.125,0.14285714285714288,93534
1,2,7,0.3333333333333333,0.125,0.18181818181818182,93554
2,5,6,0.2857142857142857,0.25,0.26666666666666666,93634
0,3,8,0.0,0.0,0.0,93694
2,5,6,0.2857142857142857,0.25,0.26666666666666666,93712
2,3,6,0.4,0.25,0.3076923076923077,93731
2,3,6,0.4,0.25,0.3076923076923077,93779
1,5,7,0.16666666666666666,0.125,0.14285714285714288,93853
2,3,6,0.4,0.25,0.3076923076923077,93972
3,5,5,0.375,0.375,0.375,93988
0,0,8,0.0,0.0,0.0,94167
4,1,4,0.8,0.5,0.6153846153846154,94243
2,6,6,0.25,0.25,0.25,94260
0,10,8,0.0,0.0,0.0,94271
0,0,8,0.0,0.0,0.0,94306
2,3,6,0.4,0.25,0.3076923076923077,94315
0,0,8,0.0,0.0,0.0,94372
2,3,6,0.4,0.25,0.3076923076923077,94465
1,4,7,0.2,0.125,0.15384615384615385,94475
4,1,4,0.8,0.5,0.6153846153846154,94561
3,2,5,0.6,0.375,0.4615384615384615,94592
3,6,5,0.3333333333333333,0.375,0.35294117647058826,94609
2,5,6,0.2857142857142857,0.25,0.26666666666666666,94652
2,1,6,0.6666666666666666,0.25,0.36363636363636365,94656
2,2,6,0.5,0.25,0.3333333333333333,94726
3,6,5,0.3333333333333333,0.375,0.35294117647058826,94729
0,2,8,0.0,0.0,0.0,94754
1,8,7,0.1111111111111111,0.125,0.11764705882352941,94979
3,2,5,0.6,0.375,0.4615384615384615,95046
0,0,8,0.0,0.0,0.0,95066
2,6,6,0.25,0.25,0.25,95128
3,3,5,0.5,0.375,0.42857142857142855,95145
0,0,8,0.0,0.0,0.0,95228
3,1,5,0.75,0.375,0.5,95243
3,2,5,0.6,0.375,0.4615384615384615,95330
3,2,5,0.6,0.375,0.4615384615384615,95333
