note_id,predictions
0e15d8ce-140b-4aa2-bdf6-4c78942dec4b,"['d head pain', 'tussis (cough)', 'chest pressure (symptom, not severity)']"
645cb62e-f0b4-42d5-acbb-df412d7fe071,"['face', 'sinus pressure (constant)', 'coughing (started this morning)']"
08f2e120-c29d-47f7-b45e-ae1850ce6dfe,"['malaise', 'febrile (5/10 severity)', 'mild pressure in face']"
f2daeda0-ae6d-403f-8389-e507e33bbdeb,"['ound when breathing', '5/10 severity fatigue', 'pleuritic chest pain (for a week)']"
495b2779-c31d-4db0-acfc-da5f5326da03,"['cough', 'feeling hot', 'wrapped in blanket despite warm room']"
eaf52c8f-0da7-481a-bf26-5ea13dba9137,"['n', 'pyrexia constant', 'pain in head for 3 days']"
fdc27951-a93e-4558-a353-a0e2f7f606d6,"['n chest', 'improving feeling hot', 'dry cough', 'mild feeling exhausted']"
64fce315-68f3-4ea3-b18b-5f96229c199c,"['headache', 'irregular heartbeat']"
a8be31e2-ef8e-42e3-a6ec-4c3cf2c94943,"['ess (5/10 severity)', 'grimaces with deep breaths', 'tussis (cough)', 'tachypneic (rapid breathing)', 'using accessory muscles (during breathing)']"
63d47200-2e48-4c6f-9080-4538fdc426e8,"['chest discomfort', 'fatigue', 'audible respiratory sounds (clinician-observed finding)']"
64206d96-5b3d-4f57-9fe4-248ec5c05fd4,"['stuffy nose', 'febrile', 'malaise (general discomfort or ill feeling)']"
98f695fb-eddc-4aa6-b0ab-1de01cafaca8,"['extract only symptoms and clinical findings', 'do not extract: diagnoses, medications, labs, procedures, demographics, family history', 'do not include negated symptoms (e.g., ""denies chest pain"")', 'do not infer symptoms not explicitly mentioned', 'output format: one symptom per line, each starting with a hyphen (-)', 'if no symptoms found, output exactly: none', 'history and physical examination', 'chief complaint: dizziness', 'history of present illness', 'this patient presents with feeling dizzy', 'past medical history', 'history of hypertension, controlled', 'medications', 'current medications include lisinopril 10mg daily', 'social history', 'lives alone, independent with adls', 'family history', 'family history significant for hypertension in father', 'review of systems', 'patient denies abdominal pain, denies fever', 'physical examination', 'vitals: t 37.2c, bp 131/89, hr 86, rr 18', 'general: alert, cooperative, in no acute distress']"
8aeb3840-1318-4c0e-b60f-c3de9a120ab0,"['tiredness', 'throat erythema']"
ca52d992-c882-4c5d-bf2e-1689d6d7b0aa,"['pnea', 'squinting', 'yawning frequently', 'chills']"
1042123b-22c8-4d61-b6c9-c718be9363fb,"['temperature elevation', 'severe coughing', 'fatigue']"
f2415b98-e712-49a6-a197-4637f9a08629,"['ness', 'sensation of fluttering in chest', 'head pain']"
efc1216f-0d5e-4b1e-98e7-cf51b199e188,"['n', 'improving abdominal pain', 'nauseous', 'shaking chills', 'increased stool frequency']"
436c37c9-90f4-4680-b28b-3069564e57cf,"['mperature', 'squinting', 'audible respiratory sounds']"
faa66a82-5b6f-4849-8ab6-838033a4660a,"['stion', 'feeling hot', 'intermittent tussis (cough)', 'odynophagia (painful swallowing)']"
2b8835c1-60ab-4cf7-9d00-191f5cb8d439,"['holds chest while speaking', 'difficulty eating', 'temperature elevation', 'holds head', 'worsening difficulty breathing']"
b4e69ae4-448f-4f0e-adef-cd1ce5d8bcc7,"['ess', 'shortness of breath', 'elevated temperature', 'tussis (cough)', 'bilateral wheezes (on auscultation)']"
3dda27a6-c349-4720-ac3c-65c7b65057ee,['queasy stomach']
1b9178a3-ff3a-4f26-aea4-55f52006ab0d,"['ness', 'migraine headache', 'tiredness']"
69fefbc6-5c78-4af2-b7cb-36ca45e4a5e4,"['ure', 'throat pain (for 3 days)']"
9e695056-5e02-418b-ac17-04574e227f7b,"['g coughing', 'sensitive to light', 'nasal voice', 'malaise', 'shivering (waxing and waning)']"
adcbe10b-1d72-4e9c-87b9-2b32a70dfb37,"['d', 'tiredness']"
5ab6c73a-153a-4a0a-9514-37367f7834c5,"['dizziness', 'generalized weakness']"
952a2e3e-8470-436a-84f3-153214ec3735,"['cough', '7/10 severity tiredness', 'improving chest pressure', 'bilateral wheezes', 'scattered wheezes', 'decreased air entry bilaterally']"
462026d1-3057-4cd3-9a4c-383409819915,"['stion', 'flushed appearance', '5/10 severity malaise']"
fce0f42d-55e7-4c8e-b09a-e2395e73bc32,"['mperature', 'short sentences speech pattern', 'debilitating migraine headache', 'mild fatigue']"
b2e191a9-0fa8-4b9d-ae83-b1388ca6518e,"['ach', 'feeling hot for 3 days']"
b1ff2441-2f92-47f8-91c0-82893a55a35f,"['stion', 'feeling hot']"
6cda92ee-83a9-4642-bf52-58654e18decb,"['mild headache', 'debilitating nausea', 'worsening photophobia']"
ac8c67b4-35ea-43ce-96d0-caa78545782b,"['ache', 'temperature elevation', 'stuffy nose']"
986098c0-7cb8-491f-ba75-0b3076b53afa,"['ound when breathing acute onset', 'moderate orthopnea', 'chest pressure gradual onset', 'cough for 3 days']"
cf6fdaac-6127-4583-ab32-e10dbc6d8110,"['(7/10 severity)', 'lethargy (since yesterday)', 'improving fever', 'mild cough', 'blocked nose (chief complaint)']"
e80f609f-f770-4162-8f0f-1180eed84f5f,"['palpitations', 'headache (from hpi, even though resolved)']"
02da4773-e29e-4bf1-884e-a1866d1b9ece,"['tussis (cough)', 'nasal congestion']"
160f51d9-30ec-4394-84b8-bee4bf581eb9,"['g photophobia', 'migraine headache', 'unsteady gait']"
3feaec34-cf4f-4f06-9174-aa9e06574d3e,"['mfort', 'generalized weakness', 'clears throat frequently', 'breathlessness']"
26adb4ff-f45e-4d52-876e-dea6e48f283d,['progressive awareness of heartbeat']
6dd8c2b9-4069-4ae4-b55b-1af78ee1b686,"['lls', 'whistling sound when breathing', 'fatigue']"
a349db9b-bb33-46a2-8354-1413cfdeb068,"['wel movements', 'loose stools intermittent', 'elevated temperature', 'experiencing emesis', 'none (as no additional symptoms were found in the provided note)']"
49219a11-b817-405b-bde2-9468fb519783,"['stion intermittent', 'progressive migraine headache', 'flushed appearance', 'dry cough']"
7db66a7e-fcaf-4150-ac8e-6ef2af44f9b1,"['debilitating headache', 'feeling exhausted', 'breathes through mouth']"
f2948c5d-e841-499c-808a-465968c702c6,"['stion', 'stuffy nose', 'elevated temperature (5/10 severity)', 'squinting', 'tussis (cough)', 'moderate throat erythema', 'none (no additional symptoms were explicitly mentioned in the provided note)']"
d3382a7a-64e2-46bc-bc57-a7b6fbd3cb22,"['adache', 'malaise (gradual onset)']"
fa31cdff-dc3c-46f2-a1c5-e358b1586c15,"['lessness', 'emesis', 'migraine headache', 'elevated temperature']"
93571b92-0574-4e35-9fb3-2c17c45c7cc6,"['ess', 'frequent yawning', 'persistent cough (5/10 severity)']"
71984fcc-007d-41cc-ae8d-0acaa81a34ec,"['moderate generalized weakness', 'frequent throat clearing', 'wheezing']"
530d4095-8889-41bc-9728-2ef05199b43e,"['0 severity)', 'sensitivity to light', 'abdominal pain (constant)']"
b89a24b3-7638-4109-8861-30dffc0b073b,"['pain in head', 'photophobia', 'emesis (vomiting)']"
337ec9b5-a4b5-4221-a4a8-96aa8162bc66,"['n', 'feeling hot', 'multiple bathroom trips', 'lethargic (intermittent)', 'belly pain (from chief complaint)']"
32115690-c2f7-4174-ae38-6f0998dba176,"['ushed appearance', 'headache']"
bb9afaa3-6681-45d4-974e-d364f3a5619f,"['tolerable dyspnea', 'substernal chest pain', 'mild tiredness']"
5565c8fa-9c64-454e-9271-e0c4cd24f5ba,"['dominal pain', 'queasy stomach', 'cephalalgia (headache)']"
ce7db1a7-8ff3-47dd-8bb2-d41654b01919,"['dyspnea', 'productive expectorations (for 3 days)']"
28815edd-eaf4-487c-bd95-7240e00952a2,"['n', 'multiple bathroom trips', 'yawning frequently', 'tolerable feeling hot']"
39b2fe91-b182-41a9-8e6a-43cffb916571,"['lightheadedness', 'feeling exhausted', 'aware of heartbeat']"
86ff49f3-8555-4415-a863-b02bb1af424b,"['erate dyspnea', 'sensitive to light', 'generalized weakness (for 3 days)', 'mild chills']"
511c5a37-ebfe-4a71-ae28-5d284dcb520d,"['d nose', '7/10 severity pharyngitis', 'pharyngeal erythema']"
a8340b70-c1e1-4dfd-b35a-593aa0599cfd,"['tension-type headache', 'persistent cough', 'chest pain']"
1e38e8d9-6527-4a73-ae43-d51a1fcfb0e9,"['stion', 'progressive maxillary sinus tenderness', 'severe tiredness']"
7ed7cf3a-845a-4971-90a9-69de6b12180e,"['ness', 'progressive lightheadedness']"
6b6f9d90-772c-42d0-bc39-cb3281a19ff9,"['d', 'progressive unsteady gait']"
21c25b14-0647-4196-8c9f-889f67577cc0,"['n', 'shaking chills', 'generalized weakness', 'headache constant']"
e0d8ccd4-85a1-4f7b-bac5-0ed7b445eeae,"['cough', 'tolerable throat pain', 'pharyngeal erythema']"
c3203bbf-9d12-4495-b45c-b34157cee24c,"['cough', 'feeling exhausted', 'pleuritic chest pain']"
a8f3a281-15ab-4cb0-8fe9-900a34d6cb12,"['d', 'worsening chills', 'head pain', 'asthenia', 'pyrexia', 'worsening tussis', 'holds chest while speaking']"
21158bdf-93fc-4c71-a832-d779c6d7a6dc,"['s', 'chills', 'cephalalgia (headache)', 'malaise (general discomfort or feeling unwell)']"
be7f842a-1480-41a4-88d0-4c44354186f9,"['light', 'yawning frequently', 'difficulty eating', 'worsening dizziness']"
0e9f7884-c577-4375-808c-fe9ad206e768,"['ach', 'loose stools', 'gradual onset of loose stools']"
48250ffe-9927-49a2-bed2-9bbce8d8f280,['severe palpitations']
6a538edb-6ee9-4073-983c-c51bda50164a,"['cough', 'progressive cough', 'decreased appetite', 'pleuritic chest pain', 'warm to touch']"
2787fb9d-b86f-45d3-acf7-5f79352bdbe7,"['7/10 severity asthenia', 'productive expectorations', 'expiratory sounds noted']"
93d21b20-ba52-4635-b17f-b8e73d9f51a3,"['ness', 'feeling dizzy', 'pain in head', 'paroxysmal tachycardia']"
a4f967ba-b151-4896-8818-b8a24636bb52,"['ain', 'improving stomach pain', 'diarrhea']"
394d3fb5-7ce8-456f-8a95-458d70858be0,"['ach', 'intermittent light sensitivity']"
23ce9cdd-3566-4e4c-8277-70c2d89bf094,"['fatigue', 'nausea (for 3 days)']"
0124de1f-5380-43f9-9281-0895de242b0e,"['nasal obstruction', 'throat pain (for 3 days)']"
01321bb9-a4dd-42b5-aabe-d13933df1315,"['breathing', 'shortness of breath intermittent', 'severe wheezing', 'experiencing febrile (fever)', 'moderate productive cough with sputum', 'scattered wheezes', 'decreased air entry bilaterally (clinician-observed finding)']"
9a9008d9-32d3-4367-9672-03343fab26c6,['equent yawning (clinician-observed finding)']
66f36391-8f40-47d8-a45b-92fbbcb40416,"['worsening cough', '5/10 severity chills', 'holds head', 'yawning frequently']"
51e1fcdb-2fbe-49a5-9265-12b444c73e0b,"['cough', 'temperature elevation (for the past month)', 'painful swallowing (for the past month)']"
6c0ef6d2-a879-436e-b926-209d84e44437,"['cough', 'throat pain', 'temperature elevation (waxing and waning)']"
0baf2795-35ec-4bcf-a71f-a2c4d5bb4567,"['extract only symptoms and clinical findings', 'do not extract: diagnoses, medications, labs, procedures, demographics, family history', 'do not include negated symptoms (e.g., ""denies chest pain"")', 'do not infer symptoms not explicitly mentioned', 'output format: one symptom per line, each starting with a hyphen (-)', 'if no symptoms found, output exactly: none', 'history and physical examination', 'chief complaint: headache', 'history of present illness', 'this patient presents with pain in head', 'past medical history', 'history of hypertension, controlled', 'medications', 'on atorvastatin 20mg at bedtime', 'social history', 'social drinker, no tobacco use', 'family history', 'father died of myocardial infarction at age 55', 'review of systems', 'patient denies fever, abdomen soft and nontender', 'physical examination', 'vitals: t 38.4c, bp 138/87, hr 67, rr 20', 'general: alert, cooperative, in no acute distress']"
99b5a852-a646-4a16-93c1-98c33427a44f,"['laise', 'febrile waxing and waning', 'orthopnea', 'pain in head for 3 days']"
6e23b3ca-81ca-4d1e-b6b4-796b9f9e0b5b,"['ilitating whistling sound when breathing', 'shaking chills', 'malaise', 'squinting', 'experiencing shortness of breath (implied from ""wheezes"" and ""decreased air entry"")']"
b335d364-696b-41c7-a3d0-26c26acff349,"['ty light sensitivity', 'tiredness', 'feeling nauseous', 'pain in head', 'none (as no additional symptoms were found in the provided note)']"
deb03746-3eb0-4e3e-ae96-d2fa57ea3f2a,"['f breath progressive', 'pleuritic chest pain', 'productive cough', 'sputum production over the past week', 'whistling sound when breathing (started this morning)']"
d16778d6-fb24-466f-9542-d3e25a0a4849,"['g head pain', 'progressive asthenia', 'severe pyrexia', 'throat pain']"
02116e21-fae3-45af-bffd-0fb562d5c19c,"['stion', 'blocked nose (for the past month)', 'mild cough', 'moderate rigors', 'lethargic (clinician-observed finding)']"
566d7916-bda3-4a0b-95d9-38d6e4deb9e0,"['htheadedness', 'feeling exhausted']"
18ec0531-9e1a-41f5-9d10-f602a848b717,"['feeling hot', 'sore throat', 'rigors (shivers or tremors)', 'pharyngeal erythema (redness of the pharynx)']"
38739fe8-85e4-4c10-90b1-9007a6baf671,['zy']
cf785dc7-d3ca-4548-8676-7d116f131f65,"['ound when breathing', 'improving wheezing', 'dry cough', 'moderate pleuritic chest pain', 'none (as no additional symptoms were explicitly mentioned in the provided note)']"
cb3785ae-6eb5-4ce4-9cb9-9c4ef8ed34f4,"['austed', 'cephalalgia (headache)', 'expiratory sounds noted', 'feeling hot', 'none (no additional symptoms found in the provided note)']"
8f2ef59e-67ed-4419-a40c-ba1bbf1d806e,"['cough', 'whistling sound when breathing', 'chest pain', '(none for the rest of the note as it does not contain any additional patient-reported symptoms or clinician-observed findings)']"
ef8a867e-7114-4b29-916c-f4d8aa4faafb,"['(severity 7/10)', 'asthenia', 'shaking chills', 'sensitive to light (waxing and waning)', 'expiratory sounds noted']"
3e79df46-5367-47ec-8132-7573acd8d67a,"['light', 'improving dizziness']"
f6a9a489-2a58-413c-b476-e60af41f51ff,"['d', 'palpitations (constant)', 'tiredness']"
d1069930-c9c7-4565-8644-41cf8ee2f633,"['graine headache', 'feeling dizzy']"
a1744fb8-6d51-4fea-ad8f-34b199c89d39,"['ain', 'severe chills', 'loose stools']"
1db99d0e-20d6-4da6-bd75-8259ad9c5622,"['ntermittent', 'debilitating maxillary sinus tenderness', 'feeling hot']"
5dfac141-e27c-4127-b4d0-cac2870b2dd8,"['dominal pain', 'severe wrapping in blanket despite warm room (clinician-observed finding)']"
ce6f81d2-6445-43d5-920a-3354f8a48777,"['llowing', 'debilitating throat pain', 'feeling exhausted', 'experiencing rigors', ""squinting (assuming this is a symptom, as it's mentioned in the context of the patient's presentation)""]"
3ce8df42-13b8-4600-9873-27e24dc6899d,"['breathing', 'waxing and waning breathlessness', 'frequent yawning', 'tolerable cough', 'tachypnea (rapid breathing)', 'using accessory muscles (accessory muscle use)']"
cd66861d-472e-4eaf-8150-108a04a6375e,"['cough', 'frequent yawning', 'grimacing with deep breaths', 'wheezing']"
91dacffa-2636-4a5b-a59a-d42632fe0b97,"['zy', 'lightheadedness']"
5ef2069e-5724-474a-b05d-801bc40ec399,"['sure', 'pain in head for the past month']"
4b58e49a-a313-49a6-9d6b-d00b4e91a4a9,['ty lightheadedness']
c61fa28c-dd09-45f7-9ae8-110c2fb532ed,"['t discomfort', 'severe rigors', 'improving tension-type headache', 'queasy stomach']"
df249d4f-402e-4b34-896b-b506ce31f8c0,"['mperature', '5/10 severity fever', 'moderate persistent cough', 'generalized weakness since yesterday', 'pleuritic chest pain']"
04e3b92f-ee08-4bf7-95f8-98ec0fbd08de,"['ain', 'nausea', 'head pain']"
508db8b3-f077-44a5-90a0-ed02f78ea516,['tolerable nausea']
5bc8ce20-53af-4dbb-b0fd-be6e72b67243,"['s (5/10 severity)', 'guards abdomen', '7/10 severity rigors', 'head pain', ""reports 7/10 severity rigors (this is repeated, but i'm assuming it's a typo in the original text)""]"
528e18d0-27b5-4c2a-9e5b-d722fe08b1d8,"['productive cough', 'expiratory wheezing', 'severe fatigue']"
b6a28fca-c09a-4297-b8d3-4d4a3c788419,"['cough', 'moderate fatigue', 'fevers (febrile)', 'headache (patient holds head)']"
4fcac478-3f0f-4490-9ffe-8dd78f02ec92,"['ess', 'sensitive to light', 'severe expiratory sounds noted', 'pleuritic chest pain (acute onset)', 'tachypneic', 'using accessory muscles']"
fbe1483a-a7ac-4148-a874-881daec2d838,"['cough', 'wheezing', 'dyspnea (shortness of breath)']"
e3df9749-1449-43cc-ad6d-9cdbb8a7f702,"['h', 'holds head', 'difficulty eating', 'tiredness']"
c1cc5a16-fbe6-4017-9c3f-35ae89446020,"['ess', 'mild head pain', 'pyrexia (fever)', 'scattered wheezes (respiratory symptom)', 'decreased air entry bilaterally (respiratory symptom)']"
2d85bee9-034b-4f30-a01f-389afcbc364e,"['tenderness over sinuses', '5/10 severity nasal congestion']"
515376a5-2063-4039-a680-80571015bfe8,['feeling cold (5/10 severity)']
2e0b91a5-9273-4b8a-8b4a-7ddb383f827b,"['5/10 severity abdominal pain', 'debilitating pain in head', 'increased stool frequency', 'debilitating increased stool frequency']"
8f698013-a30d-4b12-aaeb-8f62b11e3e09,"['ever', 'asthenia', 'tolerable migraine headache', 'dyspneic', 'severe shivering']"
a923a352-3b48-4122-87e6-68fc0d1ff7c4,"['improving chest discomfort', 'whistling sound when breathing', 'productive cough', 'sputum in cough', 'uses accessory muscles', 'experiencing respiratory symptoms (implied from ""scattered wheezes, decreased air entry bilaterally"")']"
235313bb-43af-4eaf-b296-c3a623b8a6a5,"['theadedness', 'irregular heartbeat']"
0bb9f9db-6e93-4f70-8226-5a62520eaad1,"['debilitating fatigue', 'constant chest holding while speaking', 'debilitating tussis (cough)', 'none (no additional symptoms found in the provided note)']"
2019cc65-00b3-4f47-b3c6-7da587ab9ddc,"['cough', 'shortness of breath', 'flushed appearance', 'moderate nausea', 'severe headache', 'shaking chills (intermittent)', 'tachypnea (rapid breathing)', 'using accessory muscles (during breathing)']"
b772af8a-48d5-4053-b4db-3cc96ca710fc,"['st pressure', 'lethargy', 'tolerable dyspnea on exertion', 'productive cough', 'sputum production (since yesterday)', 'chills (implied by patient wrapped in blanket despite warm room)']"
d7ecbdee-e85e-49e9-aea6-514bbb9afed0,"['light', 'squinting', 'improving feeling nauseous']"
c67932e4-fe42-4d83-aa26-925f9bdbe37a,"['tivity', 'photophobia', 'worsening head pain', 'difficulty eating', 'frequent yawning']"
e6a4666f-9ddb-469f-a3dc-0b1776eb6e62,['cough']
bd34c938-8514-48b2-8418-84cd750d2313,"['(constant)', 'generalized weakness', 'febrile (progressive)', 'tolerable bilateral wheezes (on auscultation)', 'persistent cough (improving)']"
69289045-f62d-42e1-8eb2-f11f78672757,"['wheezing', 'chest pain (debilitating)', 'speaks in short sentences']"
8dd89591-9dbe-446c-87ca-4f18f5a8a72a,"['cough', 'progressive cough', 'frequent yawning', 'worsening wheezing']"
28863440-bc6d-4abb-bbaa-8c3d7304672f,"['moderate persistent cough', 'tiredness', 'shaking chills', 'headache (implied from ""holds head"")', 'no symptoms found in the denial statement ""denies chest pain""', 'no symptoms inferred or implied from the rest of the note']"
7a3dc7e9-5790-496d-b8a1-e2fb6f13e8f7,"['ty breathlessness', 'generalized weakness for 3 days', 'whistling sound when breathing']"
a1fbf4c3-8ac6-4517-a6bd-a64636487b6c,"['cough', 'dyspnea on exertion (severity: 7/10)', 'pyrexia (tolerable)']"
7cc95daf-fc10-4446-9313-f18a5146a4c8,"['f breath', 'difficulty breathing', 'fatigue', 'productive cough', 'sputum (as a symptom of the cough)', 'tension-type headache', 'none (as no additional symptoms were found)']"
491ee10f-a4c8-41e6-bf5e-4914330153c5,"['mfort', 'fever', 'productive expectorations', 'moderate generalized weakness', 'cephalalgia (headache)', 'none (no additional symptoms found in the provided note)']"
50f26152-8613-483c-9aa4-1323900082f7,"['f breath', 'frequent yawning', 'holds chest while speaking', 'tachypnea (rapid breathing)', 'uses accessory muscles while breathing']"
3803b896-8995-437a-aedb-a762c8a6ada0,"['zy', 'lightheadedness']"
b2c8c19b-a4c3-46da-8d75-9b135c2d0f8f,"['ach', 'yawning frequently', 'right lower quadrant pain', 'feeling cold for 3 days']"
6bd354ba-b7a6-4368-b523-88bbe1897b24,"['ound when breathing', 'breathlessness', 'productive cough with sputum']"
e2bbe6b9-7838-4fb5-aab2-9427597e1870,"['llowing', 'head pain', 'pharyngeal erythema (clinician-observed finding)']"
7fb66128-933b-4ff2-842d-a32c287b1f52,"['mfort', 'chest pain', 'mild cough', 'progressive dyspnea', 'rigors', 'temperature elevation']"
73e81b22-00ee-4940-b459-aa2680b555f3,"['eadache', 'frequent throat clearing', 'frequent yawning', 'shivering']"
2009d446-a198-4045-9123-c1162788f555,['persistent cough (3 days)']
abf5ac0f-3aa1-4321-9226-e4abba281292,['frequent yawning (clinician-observed finding)']
b8804711-9ece-401a-97ca-c04518a4247d,"['stion', 'head pain (waxing and waning)', 'throat erythema', 'asthenia']"
bcbb513c-f1d7-4040-9512-2c5e1a1504a9,"['acute onset)', 'tenderness over sinuses', 'feeling exhausted', 'worsening breath through mouth']"
a6773b5e-05b8-46e0-b8e2-36fed09939a6,"['mfort', 'head pain', 'malaise', 'wrapped in blanket despite warm room', 'nausea']"
81faa433-5bfc-4706-9e8f-c280230d5faa,"['elevated temperature', 'productive cough', 'generalized weakness', 'none (as no additional symptoms were found in the provided note)']"
94385d33-d151-4544-8476-12fbc23191ad,"['ness', 'dizziness', 'feeling exhausted', 'irregular heart rhythm']"
bf6db789-04c8-43d2-a7d4-ef8d19d3e4b0,"['g shortness of breath', 'frequent yawning', 'pleuritic chest pain', 'nausea']"
4845d3a7-ec92-4525-baac-93de98aab668,"['face', 'productive cough', 'nasal congestion', '(none if no other symptoms found)']"
af7c0eb9-f7df-45c9-bd85-a82624bc4524,"['ness', 'feeling exhausted']"
2e0d3897-f10f-4429-aef6-776a7beb1240,"['tivity', 'tiredness (gradual onset)']"
17e47e01-47c1-4d52-8e71-3d6632e1ec78,"['dyspnea (shortness of breath)', 'chest discomfort (moderate)', 'whistling sound when breathing (chief complaint)', 'tachypnea (increased respiratory rate)', 'using accessory muscles (during breathing)']"
59ea505e-ea90-46ac-8377-7f6a97b9c9b5,"['constant)', 'dyspnea on exertion', 'rigors', 'moderate fever', 'severe chest pain', 'none (if no other symptoms found in the note)']"
b8338901-3081-4699-839e-bc07e68ca2d6,"['eeling hot', 'mild shortness of breath', 'productive cough with sputum', 'severe wrapping in blanket despite warm room', 'tachypneic (rapid breathing)', 'using accessory muscles (straining to breathe)']"
4b5b25b7-72d0-44bf-90cb-dd1b52ea74e2,"['ductive cough', 'chest pain (substernal)', 'wheezing (intermittent)']"
3dbf06d3-24fc-4b25-a16c-3f7fd2c9b056,"['flushed appearance', 'lethargic', 'moderate nasal obstruction', 'persistent cough', 'persistent cough (started this morning)']"
a7bd1337-616d-44e0-ae64-b025d2625adc,"['stion', 'asthenia', 'improving cough', '(none if the note only contains negated symptoms or non-symptomatic information)']"
322d6c4d-389c-4640-be69-1339f46dfac8,"['seous', 'tiredness']"
a5a29cba-ad74-43a7-9214-30b5a859c0ea,"['g blocked nose', 'tolerable cephalalgia', 'productive expectorations', 'fevers (febrile)', 'intermittent fatigue (feeling exhausted)']"
dc6f8ab5-5b87-4c0c-9d38-1e150e0ae0c4,"['rigors', 'decreased appetite', 'uses accessory muscles', 'fatigue (started this morning)']"
4f39200f-f0b4-4709-ab46-574a182aed67,"['dry cough', 'emesis (vomiting)', 'temperature elevation (fever)']"
6974c3f2-467f-4173-86e5-3ee3696be221,"['ain', 'nauseous']"
a351464a-effb-4f86-9804-f144755ab40f,"['dyspnea', 'progressive chest pain']"
05993672-5eb1-4df8-bdcd-c2ec8c5a94e0,"['rmittent', 'elevated temperature']"
c52ef69e-1387-45f7-adae-3117cbdd4525,"['ad pain', 'feeling exhausted (severity 7/10)', 'decreased appetite (waxing and waning)']"
4ae5d453-bc60-498b-b6b1-0f01e12026b0,"['ach', 'worsening lightheadedness', 'squinting (clinician-observed finding)', 'keeps eyes closed (clinician-observed finding)']"
1259efbf-8e07-449c-a8c4-8301b02c372d,"['ess', 'tension-type headache (intermittent)', 'lethargy', 'grimaces with deep breaths', 'chills']"
bbfe70f5-9e44-4452-ae99-643732c2215b,"['ilitating feeling hot', 'dyspnea (5/10 severity)', 'rigors', 'frequent throat clearing (gradual onset)', 'migraine headache', 'migraine headache (since yesterday)']"
2583a74c-92f3-4c39-9142-0a4dd81fddec,"['s (improving)', 'guards abdomen (on exam)', 'moderate shaking chills', 'head pain (over the past week)']"
a35e6dc1-a305-4443-b5e7-c424494a996a,"['tivity', 'lightheadedness (5/10 severity)']"
7f0f4d01-015a-427b-8689-b8595461e57e,['palpitations']
5386f5a7-aa69-43fa-a276-0d057b96d4fa,"['d pain', 'chest pressure', 'productive cough', 'sputum (implied symptom from ""productive cough"")']"
30f740d5-9372-45e2-b21d-9998aca066c9,"['moderate whistling sound when breathing', 'tussis (cough)', 'dyspneic (shortness of breath)', 'experiencing tussis (cough)']"
c4cec3de-9d77-4859-9a05-568f5d09c1aa,"['ach', 'nausea', 'loose stools']"
956bb84f-fb7b-49c3-9e92-a56c4c587641,"['st', 'worsening pain in chest', 'fatigue', 'gradual onset fatigue', 'productive cough', 'acute onset productive cough', 'emesis', 'shaking chills', 'gradual onset shaking chills']"
ae09c3c2-5edd-47e7-90b4-5fde91092a0e,"['lightheadedness', 'difficulty eating', 'progressive asthenia']"
ad3dd61b-dd01-4319-b0f8-30f06f97ca99,"['stuffy nose', 'lethargic']"
9c541bfd-8142-4b81-81b1-6208dd6ceafb,['frequent throat clearing']
f5f58dd1-b683-4156-8bdf-ef3b76e35f4f,"['dyspneic', 'productive cough', 'sputum production']"
b88cda93-b6a5-401f-bb20-5fe242680f4b,"['ach', 'nausea (gradual onset)', 'frequent yawning', 'squinting']"
4d8d4615-496f-4bf2-aeb6-ffae18bc46d6,"['throat pain (7/10 severity)', 'persistent cough (5/10 severity)', 'feels cold (wrapped in blanket despite warm room)']"
bcae3cc0-9fbb-4f26-b0cb-043bccaa66b4,"['mfort', 'feeling exhausted', 'cephalalgia (headache)']"
3dc5c90d-f676-42fc-8889-16b8a7b59d89,"['mild throat pain', 'pharyngeal erythema (clinician-observed finding)']"
4678ed25-05f3-4ee5-a8b6-1e6995f122f3,"['f breath', 'feeling exhausted', 'cephalalgia (headache)', 'bilateral wheezes (on auscultation)']"
cf214160-b506-4ca9-ad65-c2f5e162b6a6,"['ty shivering', 'squinting', '5/10 severity asthenia', 'uses accessory muscles', 'warm to touch', 'severe feeling nauseous']"
79cd8ef1-9f1b-459a-9530-77c14da0c009,"['ness progressive', 'none (patient throat not sore, denies abdominal pain)']"
39639cdc-8475-45c3-9592-b425dce7d230,"['hest pain', 'dyspnea', 'tussis (cough)', 'squinting', 'decreased appetite', 'improving fatigue']"
d9c75741-8fa8-4d97-8b0f-3add0887a8b1,"['e (improving)', 'asthenia', 'productive cough', 'sputum (gradual onset)', 'throat pain']"
e654947f-4055-495d-bfca-eb50f77f6e6b,"['ain in chest', 'difficulty breathing (gradual onset)', 'lethargy (clinician-observed finding)']"
62da1680-de67-4c2c-8cc2-b9d67a0d92ce,"['cough', 'worsening cephalalgia (headache)', 'fatigue', 'mild temperature elevation', 'wrapped in blanket despite warm room (potential sign of shivering or cold intolerance)']"
eb2d4ef6-2d6f-4e5e-b33b-218bee1eb6fb,"['stion', 'blocked nose', 'sore throat', 'debilitating sore throat', 'erythematous pharynx (clinician-observed finding)', 'tonsillar exudate (clinician-observed finding)']"
2406336a-a2f6-453d-a3a6-c1193d111fec,"['d', 'elevated temperature', '7/10 severity sinus congestion', 'acute onset asthenia']"
bf404f3c-d27e-424a-abc1-043992f35e9a,"['fatigue (for 3 days)', 'persistent cough', 'orthopnea (gradual onset)', 'chest pressure', 'experiencing expiratory sounds']"
8ea30931-7699-4eb7-b8e1-8a85439ac32a,"['mfort', 'intermittent chest pain', 'intermittent shaking chills', 'head pain']"
f3ab95d2-1fa8-4630-a830-a5122685fabe,['zy']
26a7f90e-b33f-46e6-80ec-92d0fc02dd31,"['mild head pain', 'elevated temperature', 'tussis (cough)', 'debilitating rigors', 'sinus congestion', 'intermittent sinus congestion']"
5deed610-1269-407a-b6e0-da7fd70fae33,"['ng', 'productive cough with sputum (for 3 days)', 'severe chest pressure', 'feeling exhausted (waxing and waning)']"
d50837e0-7fd6-4f6a-bf52-e3cdb5bebc9f,"['fatigue', 'cephalalgia (headache) of 7/10 severity', 'productive cough with progressive sputum', 'temperature elevation', 'none (no other symptoms found in the provided note)']"
7c713468-d0f4-44a5-b1a1-2a4720e361e3,"['ach', 'moderate headache']"
b9213ae2-00b9-4a5b-a292-2f0ceb841808,"['llowing', 'mild pain in head', 'mild tussis (cough)', 'pharyngeal erythema (throat redness)']"
db4037ae-fa2f-4247-8286-4a46a242eafc,"['ty headache', 'flushed appearance', 'severe wrapping in blanket despite warm room', 'abdomen soft and nontender']"
b491fda5-7738-4e41-bdb6-e5b4299356da,"['progressive chest pressure', 'progressive shortness of breath']"
5d6318c1-317e-4d59-b049-7675c4783fd9,"['t pain', 'productive cough', 'acute onset sputum', 'decreased appetite', '5/10 severity malaise']"
0b2f71b7-5df5-4cbe-85ce-993296ebdcbe,"['seous', 'moderate feeling exhausted']"
92b117db-7b87-4955-af40-b11788422328,"['st', 'decreased appetite', 'mild tension-type headache', 'warm to touch', '7/10 severity orthopnea', 'constant chills']"
019affd9-e71e-4f8e-aaa2-3aa7736b0cc2,"['fatigue (for the past month)', 'fever (waxing and waning)', 'productive expectorations', 'migraine headache', 'none (if no other symptoms found in the remaining text)']"
91554156-152e-4b14-8699-ef5d9699d817,"['hest pain', 'worsening asthenia', 'productive cough', 'sputum', 'constant breathlessness']"
d4798460-dd2a-4915-8b8e-e1135f5db7aa,"['chest discomfort (gradual onset)', 'whistling sound when breathing', 'productive expectorations', 'dyspnea (waxing and waning)']"
4a441317-2e4b-4796-9a83-40c3856a9fca,"['grimaces with deep breaths', 'fatigue', 'flushed appearance waxing and waning', 'shaking chills', 'moderate dyspnea on exertion', 'tachypneic', 'using accessory muscles']"
a2196b4c-cd29-4301-b8ed-e7ab68b5c495,['irregular heartbeat']
4d41f2ae-b951-4e06-a833-418681ade3da,"['ach intermittent', 'sensitive to light', 'dizziness']"
8df17e6a-fd56-4deb-8766-644ba6a8e34e,"['feeling exhausted', 'bilateral wheezes (clinician-observed finding)']"
45e6d9a0-4044-49f5-ac64-f37dd14bbf87,"['ure', 'pressure in face', 'fatigue', 'odynophagia', 'erythematous pharynx', 'tonsillar exudate']"
8f5b23dc-127e-47ce-b889-c3fc92a6a06c,"['nasal obstruction', 'pyrexia', 'sensitive to light', 'throat pain']"
7a8f78c6-0337-4d7a-a93d-190b4e7a057b,"['seous', 'vertigo intermittent', 'pain in head']"
c4dfcb83-6153-4e69-8fba-a1d69342de61,"['sure', 'lethargy', 'mild fever', 'head pain', 'pain in head since yesterday']"
5e4cec3e-599b-414b-848e-b1680b0c1ce2,"['theadedness', 'frequent yawning', 'heart racing (started this morning)']"
33b48c25-726b-4804-a504-b0791ca5bd7f,"['frequently yawning', 'dizzy (5/10 severity)']"
78930a10-0637-4158-8b15-c002835e3f00,"['stion', 'blocked nose', 'throat pain']"
3f875bb4-0a56-4a45-90c1-4182a2f8948e,"['intermittent fatigue', 'temperature elevation', 'mouth breathing (clinician-observed finding)']"
39b7b3b8-2b76-4624-b8c5-9f8503e9b089,"['ach', 'debilitating loose stools', 'generalized weakness']"
804f292c-1df4-4aa2-ab9f-f91b502bf4fd,"['ible respiratory sounds', '5/10 severity fever']"
17f109c0-a245-4b72-a73c-a5f98acecb4d,"['tivity', 'lethargy', 'dizziness (5/10 severity)', 'difficulty eating for the past month']"
baf1dd40-42cf-43b7-a3ce-8697bdc5c933,"['ince yesterday', 'wrapped in blanket despite warm room', 'whistling sound when breathing']"
a7641a0d-6069-4540-b185-ddb712bdfdcc,"['persistent cough', 'lethargic (for 3 days)', 'elevated temperature']"
8c6d5c80-586e-4b13-bd7f-faf12cf3ab50,"['d', 'aware of heartbeat', 'tiredness']"
ba4896b7-0b32-43ba-aa60-f94e5b2bad83,"['iredness (intermittent)', 'chest discomfort', 'fever (intermittent)']"
f618e2b9-5398-43e7-a84b-7b1aa1f377b5,"['feeling exhausted', 'fever', 'substernal chest pain (improving)', 'sensitive to light']"
3f5502ec-d694-49d0-b049-d83bb908b3c6,"['d', 'tussis (cough)', 'improving pyrexia (improving fever)', 'speaks softly', 'shivering']"
e720728f-1f30-4daa-9ead-4a984a6bade6,"['(7/10 severity)', 'squinting', 'fatigue (over the past week)']"
45f51e5d-528f-4529-a015-d0b661966d7a,"['nal pain', 'intermittent nausea']"
0476f55a-072a-4a4e-843d-6fe97101e46c,"['wel movements', 'diarrhea', 'feeling cold (gradual onset)', 'decreased appetite (intermittent)', 'asthenia (lack of energy or weakness)']"
f4528c63-4559-444f-b201-bf06acc8fc51,"['llowing', 'tussis (cough)', 'moderate fatigue (feeling exhausted)']"
a8ddbf93-edde-430f-87c3-1fcee1f33b22,"['pyrexia (fever) for the past month', 'yawning frequently', 'migraine headache', 'feeling nauseous']"
99e5f7be-a0d8-45f8-a680-45b81dfcebef,"['feeling exhausted', 'dyspnea', 'experiencing 5/10 severity tussis (cough)', 'none (no other symptoms found in the provided note)']"
32679318-9d69-4476-ae4c-031f314e582f,"['tivity', 'photophobia (constant)', 'asthenia (started this morning)']"
09a097f4-4eab-486d-818c-1d9099c3f743,"['spnea on exertion', 'waxing and waning dyspnea', 'pyrexia (fever) for the past month', 'cephalalgia (headache)', 'feeling exhausted']"
711fd28b-f446-4783-97d8-f8000c45698f,"['ach', 'nausea (7/10 severity)', 'shivering']"
6a5724d8-20e6-40ab-ac87-8907679ba6d6,"['aise', 'whistling sound when breathing']"
15c746ab-2fef-4303-9b8e-b6add2d31f5e,"['heart racing', 'generalized weakness']"
0935fe41-f2d8-4fa5-93c1-10d77b2b08ce,"['shivering', 'temperature elevation']"
f2180d7d-e052-4a47-8cf2-72066f55b378,"['(7/10 severity)', 'rigors', 'severe cephalalgia', 'flushed appearance', 'progressive exhaustion']"
4bb6b9e1-6d0a-4837-b28d-48ca0633b1b5,"['ach', '5/10 severity nausea', 'loose stools since yesterday', 'progressive feeling cold despite warm room']"
19473a3c-c25a-46fe-b7cf-e7404a7cee89,"['f breath', 'intermittent breathlessness', 'mild chest pain', 'generalized weakness', 'bilateral wheezes (clinician-observed finding)']"
d3057ff2-f5d9-4812-ba96-576e310a308b,"['ain', 'progressive chills']"
a27423e3-9668-4bf2-83ea-cc14054ec5b5,"['he', 'fatigue', 'debilitating unsteady gait', 'wearing sunglasses indoors intermittently']"
66481868-7ae1-483f-a0cf-7a0fa8305981,"['e (7/10 severity)', 'tension-type headache', 'warm to touch (waxing and waning)']"
96812044-c2c3-4527-adc1-b7b8317ac0e3,"['d (gradual onset)', 'improving fever', 'malaise (intermittent)', 'grimaces with deep breaths', 'uses accessory muscles (5/10 severity)']"
98ee83f9-71ad-4b82-806b-108b90cfded2,"['fever', 'wrapped in blanket despite warm room (clinician-observed finding)']"
b90cb76e-a11f-4374-bb1b-58a8c43472e2,"['sistent cough', 'nauseous', 'pyrexia', 'cephalalgia']"
aed7ca01-2af3-4799-ac88-490d5515908e,"['extract only symptoms and clinical findings', 'do not extract: diagnoses, medications, labs, procedures, demographics, family history', 'do not include negated symptoms (e.g., ""denies chest pain"")', 'do not infer symptoms not explicitly mentioned', 'output format: one symptom per line, each starting with a hyphen (-)', 'if no symptoms found, output exactly: none', 'history and physical examination', 'chief complaint: dizziness', 'history of present illness', 'this patient presents with feeling dizzy', 'past medical history', 'history of hypertension, controlled', 'medications', 'takes metformin 500mg twice daily', 'social history', 'lives alone, independent with adls', 'family history', 'family history of asthma in siblings', 'review of systems', 'patient afebrile', 'physical examination', 'vitals: t 38.2c, bp 118/71, hr 85, rr 16', 'general: alert, cooperative, in no acute distress']"
f2dd9705-a854-4907-b6d7-e3647b6c9ab6,['head pain (progressive)']
ed5a482d-9d51-46b6-9fc8-dc7efd09fc4a,['intermittent head pain']
d2b004ec-2e66-465b-a253-deda6eba7e14,"['sure (intermittent)', 'cough', 'improving painful swallowing', 'asthenia', 'pharyngeal erythema (clinician-observed finding)']"
790dc471-6392-40b4-8f60-a45f42c31987,"['wel movements', 'diarrhea', 'feeling cold', 'fevers (febrile)']"
5835cc4d-23f1-4651-acd7-97d3504627bb,"['progressive cough', 'tolerable feeling exhausted', 'bilateral wheezes', 'grimaces with deep breaths']"
66cc885f-580d-4bf9-bb5e-92aca33d1b33,"['oat erythema (severity 5/10)', 'cephalalgia (past month)', 'blocked nose (constant)']"
931bf202-6ecb-47a7-a332-7c94da970954,"['stion', 'progressive cephalalgia (headache)', 'sinus pressure']"
86dced3a-67fc-474e-96b3-2b0b520bf282,"['ach', 'nauseous', 'head pain (5/10 severity)', 'lethargic', 'light-induced discomfort']"
646e8956-1ec7-4ca0-bb24-00aa3f118f72,"['llowing', 'severe shivering', 'pain in head', 'pharyngeal erythema (clinician-observed finding)']"
b075ea54-1146-4e67-9dd2-e5b84557e206,"['ain', 'nausea', 'pyrexia (fever)']"
c79d2faa-1920-4f85-b5e9-b38f1c86f007,"['ach', 'cephalalgia', 'bothered by light waxing and waning']"
30f7addc-f7c2-47b6-bb5e-e62323e2d8db,"['whistling sound when breathing', 'lethargic']"
8eec8316-d841-4fb7-ae5f-ed16942dd356,"['d', 'worsening nausea']"
656eb105-345c-400c-bb1f-034c77336899,['thered by light']
d055d218-0faf-4390-aa10-4e540dfe161b,"['ness', 'palpitations']"
13f951da-1f8c-44ec-835f-2b26ca0cf4ae,"['dyspnea (7/10 severity)', 'pleuritic chest pain', 'tachypnea (rapid breathing)', 'using accessory muscles (during breathing)']"
d31cacba-b88d-4032-9d39-968d1f63061b,"['llowing', 'tolerable throat pain', 'tolerable pyrexia', 'severe squinting', 'wrapped in blanket despite warm room', 'asthenia (fatigue)', 'pharyngeal erythema (redness in the throat)']"
06d3cd7b-e3ef-42e3-8d8a-2c95eafcba2f,"['ach', 'headache']"
95b7ff99-4add-4c49-9203-03bacfff1a50,"['shortness of breath (7/10 severity)', 'audible respiratory sounds', '(none)']"
35e412ea-58a4-443d-9535-0aecd9381358,"['wel movements', 'decreased appetite', 'feeling exhausted']"
9993c7fa-db78-4ca2-965c-d61c89e1e483,"['g headache', 'lethargic over the past week', 'uses wall for support since yesterday']"
4ce15bbc-71c5-442e-bb6f-f907e471aa6f,['severe coughing']
f8a0baef-5c1b-4e8d-8183-1b5e96fcc9fd,"['fevers', 'acute onset cough (tussis)', 'headache (cephalalgia)', 'chills (implied due to patient being wrapped in a blanket despite a warm room)']"
3745f929-acf2-4a89-b8b1-2911b508fbc6,"['ach', 'sensitive to light', 'feeling hot progressive', 'feeling exhausted', 'none (as no additional symptoms were found beyond the chief complaint)']"
ad3900a4-dac5-447c-bba2-fa7b4def76e0,"['radual onset)', 'coughing']"
67947948-5ee3-448e-b40d-d0a41a646d20,"['ars throat frequently', 'decreased appetite', 'tolerable orthopnea', 'wrapped in blanket despite warm room', 'tiredness']"
c8d677c1-86e6-4140-91a9-0d6243770010,['sore throat']
56c89288-c825-4582-b702-2f3db6ef52b6,"['breathing', 'breathlessness', 'whistling sound when breathing', 'asthenia (gradual onset)', 'severe chest pressure', 'none (as no additional symptoms were found in the provided note)']"
708bc893-bc42-4ab7-ba6c-9716dfba9f41,"['gradual onset of cough', 'fever', 'throat erythema', 'nasal obstruction']"
7192d625-d27e-47df-b4a1-e020953f479a,"['e', 'stuffy nose', 'painful swallowing', 'progressive malaise', 'migraine headache']"
7fc8c860-0686-46a1-aecf-76e2750bb409,"['inus pressure', 'difficulty swallowing', 'moderate temperature elevation', 'debilitating fatigue']"
f0938690-91fb-42cb-9e42-e3a5e76a354f,"['coughing (constant)', 'pyrexia (fever)', 'short sentences (speech pattern)', 'none (if no additional symptoms are mentioned in the note)']"
d3f3a499-ab3e-478b-b879-163e2327c8f5,['feeling exhausted']
d6da24b3-b2bd-438f-b971-bc66e35addb7,"['lethargy', '7/10 severity orthopnea', 'dry cough', 'dry cough (started this morning)']"
a53a36b7-a23a-4b56-ac61-e86d7567965a,"['ficulty breathing', 'generalized weakness']"
cec50d99-a226-473f-bbea-5eb72429ec00,"['othered by light', 'uses wall for support', 'holds head', 'feeling exhausted']"
01ec8c4f-ca2b-4676-8320-ec97468d3466,['tiredness']
c3c644f1-acae-4dd7-a7f9-5a13a612f57a,"['ach', 'malaise constant', 'head pain']"
896d38d0-e563-496a-aeb9-55e0e56b1095,"['f breath', 'pleuritic chest pain (3 days)', 'tiredness (gradual onset)']"
6b09059a-fe3a-42dc-8e2d-966f7d55f7b4,"['10 severity head pain', '5/10 severity rigors']"
5ac67be8-e2b8-4159-9416-ddf3e18540ce,['mild feeling dizzy']
f7c65d71-66dd-4efc-8973-1ce6bffe07d8,"['mfort', 'worsening speaks in short sentences', 'frequent yawning (acute onset)', 'productive cough with sputum (5/10 severity)', 'tachypneic', 'using accessory muscles (respiratory)']"
ca7523ee-685b-483f-a075-c152e1b70497,"['dache (constant)', 'whistling sound when breathing (moderate)', 'holds chest while speaking (waxing and waning)', 'generalized weakness']"
b1ff6822-fa98-4b50-b1fd-43c5b7e2b820,"['ness', 'heart racing (7/10 severity)', '(no abdominal symptom mentioned as it is a clinician-observed finding)']"
08a37642-dfcf-4819-909b-a9f4c2d483ee,"['pnea (for 3 days)', 'productive expectorations']"
51d43d97-6fbd-4525-8f54-dea24ac42b83,"['fevers', 'mild asthenia (weakness)', 'improving difficulty breathing', 'chest discomfort', 'tachypnea (rapid breathing)']"
96f84f84-b49b-496f-96d7-fe546d7513b9,"['austed', 'fever (gradual onset)', 'substernal chest pain']"
2efab6fe-0867-4655-a942-fe3d0ab10e1a,"['extract only symptoms and clinical findings', 'do not extract: diagnoses, medications, labs, procedures, demographics, family history', 'do not include negated symptoms (e.g., ""denies chest pain"")', 'do not infer symptoms not explicitly mentioned', 'output format: one symptom per line, each starting with a hyphen (-)', 'if no symptoms found, output exactly: none', 'visit note - 01/31/2026', 'patient returns to clinic with ongoing concerns', 'patient continues to experience headache', 'patient denies abdominal pain, throat not sore', 'married with 2 children']"
b1eb2fdc-dd39-4b96-b054-67f964565c10,"['fever', 'shaking chills']"
175f9be8-8f11-445b-8783-acc3a20153dc,['ead pain']
244e7522-b86d-42fa-bdac-7af701e90474,"['l congestion', 'flushed appearance', 'tolerable generalized weakness', 'headache (acute onset)', ""productive expectorations (physician's observation)""]"
4cf8d7a7-8dac-48a6-9648-ec386caf1062,"['d', 'chills intermittent', 'persistent cough', 'asthenia', 'squinting', 'severe substernal chest pain']"
8f3ad472-0245-414a-99c1-c8bf9872bcb1,"['mperature', 'moderate chest pressure', 'audible respiratory sounds', 'tussis (cough)', 'fatigue']"
b0150cdd-a1d1-4d5c-b7c1-5638c9f00042,"['breathlessness', 'substernal chest pain', 'bilateral wheezes']"
8da2a70e-f1d0-4a51-b580-c25599277604,"['adache', 'fatigue (for the past month)']"
2330db1e-f5a6-418c-bf1c-434f8aeca09c,"['lightheadedness', 'tension-type headache']"
4cf90d52-ce41-4945-be8b-e6c3ed398361,"['fatigue (5/10 severity)', 'feeling hot', 'frequently clears throat']"
992e0cc2-4f06-40b9-bc3b-83b76d070592,['tiredness']
a80540d8-e4e8-464b-91c6-4575ec17c355,"['vering', 'pleuritic chest pain', 'migraine headache']"
4d78e6b5-c4c5-4af6-b04a-00197490b116,"['ivering', 'fever', 'fatigue']"
3b8bd299-be8c-464e-ac1d-b0f0ff41cc82,"['substernal chest pain (3 days)', 'worsening shortness of breath']"
9b72f648-5680-4dc4-a17a-8a56801255ca,['(no other symptoms found in the provided clinical note)']
bbe738ee-eab6-4c3f-9ca3-83f87632a5f7,"['mperature constant', 'tolerable orthopnea', 'decreased appetite', 'malaise constant', 'holds chest while speaking over the past week', 'wraps in blanket despite warm room for the past month', 'tachypneic (clinician-observed finding)', 'uses accessory muscles (clinician-observed finding)']"
b65f9a10-3023-4cd4-81d8-0c87eabc20f1,"['mild productive cough', 'feeling exhausted', 'short sentences (potentially related to speech, not explicitly a symptom but included for context)', 'mild sputum (associated with cough, included for clarity)']"
a9ca262c-ce8f-48ae-b93b-3d32b0c05326,"['productive cough (severity 7/10)', 'odynophagia (pain in swallowing)', 'pharyngeal erythema (redness in the throat)']"
9db19efc-4fdf-4f00-a61b-983da2da8218,"['erate difficulty breathing', 'chest pain', 'tachypnea (rapid breathing)']"
6b47148b-4b07-489d-839a-c2019de93e9e,"['ess', 'bilateral wheezes on auscultation', 'progressive bilateral wheezes on auscultation', '5/10 severity cough', 'holds chest while speaking']"
a7363c80-a33e-4155-a148-92e8de4620c6,"['0 severity)', 'frequent throat clearing', 'queasy stomach', 'chest pain (for the past month)', 'squinting', 'lethargic appearance']"
7d4db938-d6b5-4477-b081-21fbbb7a060b,"['5/10 severity chest pain', 'debilitating coughing', 'cephalalgia (headache)', 'dyspnea on exertion', 'wrapped in blanket despite warm room']"
b3395959-cbf2-4888-9cff-2efb4ca5a59b,"['stion', 'productive cough with sputum acute onset', 'feeling hot']"
4bd477f3-87ee-4aa8-9bbe-a5c70bd2a82f,"['eling hot', 'feeling cold for the past month']"
4edaddc7-3938-42b7-bcc5-6354aa0169a4,"['headache', 'lightheadedness']"
7c622508-ca10-4d06-8ccd-d26effc4420f,"['llowing', '5/10 severity pyrexia', 'productive cough', 'sputum', 'feeling exhausted']"
a1f49252-7c2d-4c25-972e-817c64903660,"['equent throat clearing', 'lethargy', 'worsening temperature elevation', 'severe shortness of breath', 'queasy stomach', 'severe shortness of breath (repeated)']"
4166c797-9730-49b1-a7fe-9970fcd4eacb,"['warm to touch', 'mild cephalalgia', '7/10 severity shivering']"
377f839f-5e4e-4a64-8aaa-adf065eea742,"['ain', 'frequent bowel movements (for the past month)', 'head holding (on exam)']"
a5658508-8e83-43cd-9d55-f8c762d20780,"['asy stomach', 'dyspnea on exertion', 'squinting']"
3ac3f2a8-6e52-47b1-9e2c-ec0eed900dc5,"['migraine headache', 'coughing', 'expiratory sounds noted (clinician-observed finding)']"
ce7b9429-5baa-45c1-91fc-bf2f933bf7c5,"['waxing and waning cough', 'feeling exhausted', 'expiratory wheezing', 'dyspnea', 'tachypnea (rapid breathing)', 'using accessory muscles (indicates difficulty breathing)']"
69db5499-5a98-4d34-b3eb-49250ca270cd,"['chills', 'migraine headache']"
734a50e8-cf2d-4795-b2a9-1317b8bba401,['fever']
0b995475-33b9-4b1c-bab9-d8524489dd4e,"['d', 'elevated temperature (intermittent)']"
6783f9ef-bf4e-4eb4-b015-5d25ec716d21,"['nasal congestion', 'cough (waxing and waning)']"
3f0d8e02-2545-40e4-828d-3f4be62746f9,"['oughing', 'squinting', 'flushed appearance', 'feeling cold']"
e171a2d5-adc8-4727-a0ab-8e2d8c55e9f1,['loose stools']
7d18612c-554f-431f-aa5a-2556719f12de,"['queasy stomach', 'dizziness']"
fde97d54-f117-436a-aebf-d6e69bbd4884,"['sure', 'moderate odynophagia', 'stuffy nose']"
39723eb1-fcbc-440b-ae1a-febd2df88b75,"['e (improving)', 'migraine headache (gradual onset)', 'feeling exhausted (severity 7/10)']"
d7fd650c-dcaf-4af8-8cc5-4eaff9e078f7,"['st', 'tolerable orthopnea', 'elevated temperature', 'debilitating queasy stomach', 'generalized weakness (acute onset)', 'shivering', 'tachypneic (respiratory symptom)', 'using accessory muscles (respiratory symptom)']"
25746de7-80ce-45bd-ad81-4e109f0fcc77,"['llowing', 'fever', 'rigors', 'malaise', 'erythematous pharynx', 'tonsillar exudate']"
d4c77818-75e9-43cb-8d1b-7c8e6408192c,"['asthenia', 'holds head', 'febrile', 'stuffy nose']"
228c5e94-122f-479c-801a-c5fff4c69b9b,"['progressive tussis (cough)', 'squinting', 'using accessory muscles', 'chest pain']"
530d5f51-2797-459b-89b9-d928f0c4a720,['headache']
5464f821-7b1d-469d-85ee-07d590919a2a,"['seous', 'fatigue over the past week']"
21fb6d32-5682-4fa3-b6c3-771e205fa348,['pain']
58f62e4d-114c-41c4-8768-e30b3ab1e6ed,"['llowing', 'clears throat frequently', 'wrapped in blanket despite warm room', 'head pain']"
9f4cd694-61c1-45f3-9ac0-568673876837,"['intermittent breathlessness', 'emesis (vomiting) over the past week', 'chest pressure', 'tussis (cough) for 3 days']"
82082fbb-1238-40aa-9047-ef9cd77b2838,"['eling hot', 'moderate difficulty breathing', 'productive expectorations', 'experiencing rigors', 'decreased appetite']"
ea30f18d-c993-46b1-9626-150eb8e1b839,"['g coughing', 'expiratory wheezing progressive', 'difficulty breathing over the past week', 'none (no abdominal symptoms were reported)']"
d950a58a-0aef-41f2-b8ba-9f2fea717a47,"['(severity 7/10)', 'vertigo (waxing and waning)', 'migraine headache (worsening)']"
7f96a112-2acd-40ad-bae0-0002c58a6801,['palpitations (clinician-observed)']
1003f280-81fa-41d2-9ce6-acf852280b62,"['ound when breathing', 'dry cough', 'uses accessory muscles']"
54670c1b-77a2-4358-bb1a-0327defce092,"['stion', 'productive expectorations', 'sinus pressure']"
b3eafed4-98ed-4fba-b138-8455cbc6d741,"['persistent cough (for the past month)', 'grimaces with deep breaths', 'shortness of breath', 'tachypneic (rapid breathing)', 'using accessory muscles (during breathing)']"
7a6f5d51-2b69-44cb-ba63-1a1ad543b604,"['ure', 'headache']"
19003d63-afe9-4e62-b0a4-85cf14af4228,['fatigue']
6cc4d957-d61a-4e26-9ca3-351a9170f01b,"['s', 'tiredness']"
bac1aafd-aaa3-4a21-a20a-83f4c3c10f28,"['intermittent)', 'asthenia (constant)', 'coughing (waxing and waning)']"
510d3ba7-bd1e-47d7-a639-187de73ceb94,['d']
0fe56e2d-d4f1-4b39-b19c-289b86697a5b,"['easy stomach', 'light sensitivity', 'asthenia (fatigue)']"
01945e53-48d9-4b92-8a8a-ca44c5096794,"['unsteady gait', 'nausea (without emesis)', 'acute onset of wearing sunglasses indoors']"
cbc1ed4e-96ed-4519-ba84-ec0433e1ce43,"['(severity 7/10)', 'debilitating dyspnea on exertion', 'intermittent substernal chest pain', 'pain in head (over the past week)']"
61aff337-52e9-41a8-a2dc-0fb89e942269,"['d elevated temperature', 'head pain', 'clears throat frequently', 'malaise', 'difficulty eating']"
17c5656a-7219-4c81-8ffa-386f945da2e9,"['stion', 'sore throat', 'head holding (clinician-observed finding)']"
c0339b69-978f-4ffa-942b-5444fadf589a,"['mfort', 'fever', 'frequent yawning', 'worsening difficulty breathing', 'debilitating expiratory wheezing', 'tachypnea (rapid breathing)', 'using accessory muscles (indicates difficulty breathing)']"
2a44ccf4-a209-43cc-93b3-2dbda166ccc2,"['head pain', ""feeling hot (potential symptom, but improving feeling hot implies resolution, so it's included)"", 'feeling exhausted']"
ff3a6269-81c8-4b76-ba7b-f99f607c1083,"['ess', 'sensitive to light', 'chest discomfort', 'improving productive cough with sputum', 'wraps in blanket despite warm room', 'tachypneic (rapid breathing)', 'uses accessory muscles (during breathing)']"
94fb0010-6208-4482-8040-4a08c7e5a8f8,"['steady gait', 'headache']"
33e1bf2d-e705-440b-ace1-74a504ef30b7,"['stion', 'pressure in face']"
28dd2b1f-8458-4766-b446-3985b1ca1318,"['e', 'nasal congestion (intermittent)', 'headache', 'fever (debilitating)']"
f7c83b72-4ba8-4978-b51e-915175968c77,"['fficulty breathing', 'holds chest while speaking', 'tachypneic (rapid breathing)', 'using accessory muscles (straining to breathe)']"
2a38f4c6-28dc-41f0-a9e5-f059f829b7a4,"['cough', 'grimaces with deep breaths', 'appears dyspneic', 'tachypneic', 'using accessory muscles']"
74629480-3434-4281-af97-998c39d48de0,['feeling exhausted']
81403f08-2e14-41d2-a0ad-23c25cddd529,"['ated temperature', 'sensitive to light', 'productive cough with sputum', 'feeling nauseous', 'acute onset nausea']"
99f5c714-3cf7-404d-a1c3-c1ebb7f9289f,"['ound when breathing', 'clears throat frequently', 'holds chest while speaking', 'feeling exhausted']"
e04d5b55-c904-433b-8433-e5dbae13ee12,"['persistent cough', 'generalized weakness (severity not specified)']"
a676d513-d2a7-4538-85ee-ebbfa7046a6c,"['worsening dyspnea on exertion', 'mild head pain']"
67e908e1-0698-4ec1-96d1-6a2eb909598c,"['f breath progressive', 'substernal chest pain', 'malaise', 'rigors over the past week', 'tussis (cough) that started this morning', 'tachypneic (rapid breathing)', 'using accessory muscles (accessory muscle use)']"
1e604baa-5a38-4ef8-82e2-09b0671d706a,"['ach', 'nausea for 3 days', '7/10 severity fatigue', 'uses wall for support']"
f9463ea7-72c8-41ff-bbc7-aa65e1ba0e1b,"['erate wheezing', 'progressive cough', 'patient wrapped in blanket despite warm room (indicates discomfort, possibly related to fever or cough)']"
951c3502-d1bd-40df-b9af-c0fe6ab9ecdb,"['feeling dizzy', 'nausea', 'wearing sunglasses indoors']"
976561e9-329b-4016-b968-f8b7f8fc004f,"['7/10 severity cough', 'moderate tension-type headache', 'asthenia']"
7fbe1f91-8778-42e6-8797-44618c208a24,"['fever', 'clears throat frequently', 'lethargic']"
a19d88ee-0eb3-4c28-a3fc-e33778dc9dde,"['intermittent chest discomfort', 'dry cough', 'scattered wheezes', 'decreased air entry bilaterally']"
00978ece-4788-4b0e-a582-da67d7c13af9,"['ach', 'asthenia', 'head pain intermittent']"
b0ffe2ae-f919-47d8-a862-d51e60a31436,"['re throat', 'productive cough with sputum intermittent', 'head pain']"
1d9b8943-a589-4977-8560-b587dca6cd28,"['light-induced discomfort', 'nausea']"
a032f10c-baaf-4680-b9c3-d40c3659c0b9,"['chills constant', 'febrile', 'odynophagia constant', 'erythematous pharynx', 'tonsillar exudate']"
f965f133-5274-4da2-92fd-2a4a356d8416,"['nasal voice', 'fever']"
4d090f9c-d60c-4cbe-946e-9cbd419073bb,"['headache', 'worsening pyrexia (fever)']"
b6f397f1-22f0-4265-9438-2db9f5246901,"['ach', 'pyrexia (fever)']"
f4797512-46a6-4a9e-8d5e-7dd0a713c104,"['ness', 'heart racing', 'tolerable generalized weakness']"
326e28c9-3558-4ea1-a68d-34d18f55fb12,"['mild generalized weakness', 'productive expectorations', 'nasal congestion']"
50bf1b6d-bcb4-4eaa-8f8b-18e8303f0323,"['tivity', 'head pain', 'vertigo', 'asthenia']"
079150a0-2df6-4f60-a585-af9a75a0900d,"['f breath', 'malaise', 'flushed appearance', 'cephalalgia (headache)', 'improving productive cough with sputum', 'moderate chest discomfort']"
1ffe3d66-f7e8-4a27-9356-31a2c3038d99,"['elevated temperature', 'worsening cephalalgia (headache)']"
88787b72-60f2-4958-905d-96f8a864bd35,"['cough', 'worsening dry cough', 'chest pain', 'yawning frequently']"
28c38df0-6682-4e83-9c3d-5504621493a9,"['breathing', 'migraine headache', 'feeling exhausted', 'wrapped in blanket despite warm room']"
bf8aa7c2-d608-4436-a645-8141e2967b76,"['yspnea', 'feeling hot constant', 'tachypnea (clinician-observed finding)']"
62297271-6b99-48ee-bf8a-8fb8eb7d86a7,"['face', 'nasal voice', 'cephalalgia', 'throat pain']"
d0ecabe3-b04e-4453-9c3c-2b6d5a0d2fc1,"['seous', 'yawning frequently', '7/10 severity feeling dizzy']"
11f20f6d-2aee-4b26-ba29-98e568eef0cb,"['ivering', 'lethargic', 'nauseous', 'dry cough']"
93f73860-d5c2-435d-a073-5b65c44a1ad2,"['ntermittent', 'patient uses wall for support', 'patient worsening aware of heartbeat']"
f95a6a7c-b852-4085-a0a0-95fad1a035d5,"['intermittent', 'bilateral wheezes on auscultation', 'productive expectorations', 'tension-type headache', '7/10 severity shortness of breath', 'severe shortness of breath (implied from ""using accessory muscles"")']"
cc06169c-4fca-4269-b88a-7639a32994ff,"['easy stomach', 'tiredness', 'multiple bathroom trips', 'shaking chills']"
9304ac10-ac72-42fe-ba09-f9f8563fccc1,"['cough', 'lethargic', 'pleuritic chest pain (3 days)', 'fever']"
aebfab8d-30ff-42a2-be51-e7a6c070d99d,"['f breath', 'difficulty breathing intermittent', 'pain in head', 'generalized weakness waxing and waning', 'pleuritic chest pain', 'experiencing rigors since yesterday', 'temperature elevation (5/10 severity)']"
623e7e66-9ff8-4f9e-848f-a6180faa8518,"['extract only symptoms and clinical findings', 'do not extract: diagnoses, medications, labs, procedures, demographics, family history', 'do not include negated symptoms (e.g., ""denies chest pain"")', 'do not infer symptoms not explicitly mentioned', 'output format: one symptom per line, each starting with a hyphen (-)', 'if no symptoms found, output exactly: none', 'history and physical examination', 'chief complaint: dizziness', 'history of present illness', 'this patient presents with dizziness since yesterday', 'past medical history', 'history of hypertension, controlled', 'medications', 'current medications include lisinopril 10mg daily', 'social history', 'married with 2 children', 'family history', 'family history of asthma in siblings', 'review of systems', 'patient throat not sore', 'physical examination', 'vitals: t 37.6c, bp 137/76, hr 70, rr 19', 'general: alert, cooperative, in no acute distress']"
bb15f5d5-c684-403c-abdc-b6764a4ba8fb,"['ain', 'nausea']"
480cb73d-191d-4b28-b690-b7eeaa25d748,"['f breath constant', 'intermittent emesis', 'tolerable migraine headache', 'pain in chest gradual onset']"
9af98fb2-af4b-4f89-b966-d3e58d238667,"['facial pressure (5/10 severity)', 'lethargy']"
a852d7bb-995c-4105-bfbf-ead639520de0,['photophobia (past month)']
377e6c4a-ce67-4116-99ce-f4c8136a3e89,"['wel movements', 'febrile waxing and waning (fever with fluctuations)']"
01d59471-d3ce-4a2d-9f93-f43c9d4751ce,"['cough', 'chest pressure', 'dyspnea (over the past week)', 'tiredness', 'tachypnea (increased respiratory rate)', 'using accessory muscles (during respiration)']"
7e409b03-11b7-4f82-9a42-3f50b35fc07b,"['face', 'sinus pressure', 'painful swallowing', 'sinus congestion', 'febrile (fever) for 3 days']"
bcbe6e48-c901-475c-9ba8-d4408df317fe,"['ach', 'frequent bowel movements']"
3b34094c-0f9d-43da-8430-50c856709046,"['ness (severity 7/10)', 'lethargy', 'paroxysmal tachycardia (gradual onset)']"
3fc04136-f701-4597-9f9c-eea572c0fbfb,"['onstant', 'paroxysmal tachycardia', 'improving fatigue']"
88e29b09-a9ce-4234-83a0-00da4b0ea097,"['fatigue', 'cough (acute onset)']"
da7bdb27-ce13-4ada-a29d-24ff66e01785,"['painful swallowing', 'fatigue', 'tension-type headache', 'shaking chills', 'breathes through mouth']"
9198b5aa-9fab-4da7-902a-81fbcfb6082f,"['e', 'nasal congestion (constant)', 'improving pain in head', 'worsening maxillary sinus tenderness']"
0a3efec3-9534-45d6-9e91-cb8253d71aec,['lightheadedness']
638673f5-b9ed-4efe-a370-a8ca4c977bd5,"['tivity', 'mild malaise', 'pain in head constant']"
997bb99b-0956-4037-ada7-2f623ca275f3,"['flushed appearance', 'migraine headache', 'difficulty eating', '5/10 severity fatigue']"
4ae43152-039e-42f3-97b9-9d64cf42431f,"['nausea', 'generalized weakness (severity: 7/10)']"
2e1fa77b-66fa-41a2-b331-e59143526bb0,"['head pain', 'frequent yawning', 'feeling cold', 'acute onset of feeling cold']"
e653e9a1-ea0b-4659-b315-0005f6988edc,"['stion', 'head pain (7/10 severity)', 'lethargy', 'painful swallowing', 'pharyngeal erythema (clinician-observed finding)']"
437622d7-3324-4c65-9e4c-5e004d57c2e3,"['sure (7/10 severity)', 'head pain', 'frequent yawning (7/10 severity)', 'mild flushed appearance']"
20fbd739-14e6-4194-96b6-f16bbb3c7434,['queasy stomach (for 3 days)']
882d6b93-a5bf-4e78-8319-534543272521,['fever']
a9d48e14-aa81-4675-974d-afa789fe911a,"['g chest pain', 'shaking chills', 'progressive chills', 'productive cough', 'sputum production (for 3 days)', 'feeling exhausted']"
8d7e791c-7d6f-44e0-9f9f-22c028b8b6f8,"['omach pain', 'shaking chills', 'generalized weakness']"
f5d133cc-925a-413a-86e9-b157683c9b50,"['feeling hot', 'tenderness over sinuses']"
1788d171-f94f-42b1-8030-0f15244ff772,"['ty throat pain', 'rigors', 'pain in head']"
a27c8618-9aa1-42dd-a948-61484f076d32,"['ophobia', 'postural dizziness', 'migraine headache', '(no other symptoms found in the provided note)']"
50e9c9e8-07c4-4eb2-b570-1d05db079c37,"['frequent bowel movements', 'yawning frequently']"
498aa006-9a35-4a59-b963-ab45cc8e1c86,"['ness', '(no other symptoms found in the provided note)']"
f401ea05-66e6-4f87-82d0-b781486dda6f,"['g dry cough', 'rigors', 'pain in head for 3 days']"
c9e2858d-8b76-4110-b04f-af9c0dd610ae,"['debilitating belly pain', 'malaise']"
00acf888-aac8-4b00-ae57-857c3af23709,"['headache', 'dizziness']"
b0ab9873-0100-4271-9178-4dc69e8990b4,"['s', '7/10 severity diarrhea', 'debilitating head pain']"
131262f7-4c97-4c30-96ae-39ce0ad09c68,['eling dizzy']
6e515d46-5687-4f9a-81a0-ea7eea8fa287,"['n', 'abdominal pain (constant)', 'elevated temperature', 'improving increased stool frequency', 'difficulty eating']"
0339754f-4926-4d0c-8c68-ef4952f49a2d,"['intermittent pain in head', 'elevated temperature', 'difficulty swallowing (7/10 severity)', 'progressive breathing through mouth', 'pharyngeal erythema']"
fad3d713-a448-43ba-a124-684ecd3d9cd6,"['ain', 'postural dizziness (waxing and waning)']"
c2ba584a-5e47-4a70-89a8-d7e7c89c6249,"['stion', 'fever', 'frequent throat clearing', 'debilitating pharyngitis', 'headache', 'pharyngitis (since yesterday)']"
6124e7e7-ddb1-47ab-8bad-71ecf742e859,['improving tiredness']
20ae1ce7-1529-45fd-9b09-29955488ee61,"['ach', 'nausea (for 3 days)', 'sensitive to light']"
b3374dc9-bbbb-42a4-b65d-58507fdc1a61,"['blocked nose (acute onset)', 'sore throat', 'temperature elevation', 'tolerable tension-type headache', 'generalized weakness']"
a7e2b271-9400-4930-9070-053893dadd18,"['breathing', 'cough for the past month', 'holds chest while speaking for 3 days', 'tachypneic (rapid breathing)', 'using accessory muscles (during breathing)']"
d4d3251a-c931-4451-95c2-6872965187b4,"['breathing', 'productive cough (severity 7/10)', 'nausea (severity 7/10)', 'holds chest while speaking', 'mild elevated temperature']"
80fe99da-979c-4b01-8de6-07674f98f3f3,"['(waxing and waning)', ""asthenia (patient's description)""]"
180cfb0d-ce71-458a-a0dd-1a787f8b31ae,"['using accessory muscles', 'fever']"
bfa445eb-2cbe-40c3-9f4f-f46ead56dccf,"['nasal obstruction', 'facial pressure', '(none)']"
bab0c718-34ec-4712-99d3-853a8486382f,"['ach', 'postural dizziness', 'nauseous (from history of present illness)']"
3d643d46-a228-40bd-bcd3-aa0f58f9ce6b,"['gradual onset)', 'lethargy', 'improving tenderness over sinuses', 'breathing through mouth (7/10 severity)']"
00161373-868c-4ac2-88b3-0477b6faadfc,"['mperature (severity 7/10)', 'sensitive to light', 'emesis (vomiting)', 'shivering']"
0e408872-2faf-45b6-a0b2-501d0ff68036,"['erity 7/10)', 'tension-type headache', 'light sensitivity']"
bfa84dd1-da51-4766-bfb6-04a9e0b9e9fb,"['acial pressure', 'debilitating painful swallowing', 'severe productive cough with sputum', 'breaths through mouth waxing and waning', 'pharyngeal erythema noted']"
06981fd3-9505-4108-b03a-8b8797927756,"['breathing', 'improving breathlessness', 'decreased appetite', 'feels cold', ""warm to touch (this could be a clinician observation, but it's included as it's a symptom-like finding)""]"
50e2cf34-31e7-4b9e-a3aa-03f5ae706e7e,"['elevated temperature', 'breathes through mouth']"
4fa1ace5-3627-43f0-9277-bc96763cc1db,"['stural dizziness (improving)', 'tolerable head pain']"
56fca4d9-67f3-4cdb-ba95-f286d20f902a,['lightheadedness']
75eacd23-1d00-454e-99ab-51cf35f4b935,['headache']
c9e691f5-0e4c-465f-bd1b-34dc25bdfccd,"['ach', 'nausea', 'feeling exhausted', 'cephalalgia (headache)']"
9c8ee0ea-5aa0-4aa5-bd7c-5f625454c0e1,"['dyspnea on exertion', 'grimaces with deep breaths', 'asthenia', 'shaking chills', 'worsening pain in head']"
d6aa494a-0cc4-4022-b838-5b5e8ad82233,"['ness', 'worsening lightheadedness', 'worsening irregular heartbeat', 'asthenia']"
23475ffb-84ab-4d6a-98f7-fab55fa1ed1b,"['improving orthopnea', 'persistent cough (5/10 severity)']"
6dc10c0f-6db9-42a2-8d52-ea6e3e6b6103,"['cephalalgia (headache)', 'rigors (shivers or chills)']"
7be77ec8-def8-4c01-b83b-082d9759c991,['ness']
44fcaa24-8c81-43fb-b4ed-b3b979e3a709,"['breathing', 'shortness of breath', 'elevated temperature for 3 days', 'pleuritic chest pain intermittent']"
5b6e76f0-38b5-4820-872c-bad86f567b60,['feels cold']
7f93f736-8d60-40e3-8971-f420c4ab893f,"['extract only symptoms and clinical findings', 'do not extract: diagnoses, medications, labs, procedures, demographics, family history', 'do not include negated symptoms (e.g., ""denies chest pain"")', 'do not infer symptoms not explicitly mentioned', 'output format: one symptom per line, each starting with a hyphen (-)', 'if no symptoms found, output exactly: none', 'visit note - 01/25/2026', 'patient returns to clinic with ongoing concerns', 'patient continues to experience dizziness', 'current medications include lisinopril 10mg daily', 'married with 2 children']"
cb98e448-6c82-4d20-8457-745bcba2c9f8,['tiredness (5/10 severity)']
7ae3ea63-315d-4e5e-90c3-723d888defba,"['sure', 'pain in head', 'odynophagia', 'yawning frequently']"
e8477d2b-eaa0-4501-900c-355c7bc2e52e,['ightheadedness']
1928a6c5-6505-42ac-b4e9-eebf878a5614,"['tiredness intermittent', 'migraine headache intermittent', 'debilitating pleuritic chest pain']"
19d8de41-4241-491a-99b9-48da725c399d,"['atigue', 'patient warm to touch', 'moderate orthopnea', 'chest pain (started this morning)']"
14203bbd-7cb1-46ba-a3d8-b78a399d4da4,"['mfort', 'tussis (cough)', 'breathlessness']"
73441bdf-0da8-4084-8d2b-8803fba73909,['fever constant']
96cabed3-c270-4bb3-a9f8-4dd733e82204,"['progressive', 'dyspnea on exertion', 'bilateral wheezes on auscultation', 'acute onset of dyspnea on exertion', 'tachypneic', 'using accessory muscles (indicates respiratory distress)']"
d09c10cc-1b03-4889-bd2d-19eb20d62f13,"['st', 'nausea (intermittent)', 'productive cough', 'squinting', 'warm to touch (over the past week)']"
55206242-7679-4cd1-b4ea-3cbb15d1d111,"['breathing constant', 'severe substernal chest pain', 'productive cough', 'sputum', 'wheezing']"
397b490d-e767-4937-9a52-96c31d3baf82,"['severe emesis', 'pyrexia', 'chest pressure gradual onset', 'worsening tension-type headache', 'breathlessness']"
734df4c2-a893-40c4-86f8-5c269ca5eae9,"['s', 'mild diarrhea', 'pain in head for 3 days']"
0f699ec7-c78d-4442-9bee-0b95aa5e9e30,"['cough', 'feeling cold since yesterday', 'improving bilateral wheezes on auscultation', 'worsening dyspnea on exertion', 'none (no additional symptoms found in the provided note)']"
19b9bc61-c46c-42f8-a225-32554fb165ba,"['tension-type headache', 'worsening temperature elevation', 'tiredness']"
1e44d9fa-0ed1-4aca-a2df-bad4c074adf6,"['ain', 'stomach pain', 'moderate shivering', 'yawning frequently']"
22a07e72-cba0-444c-af85-50b0f204965b,"['chills for the past month', 'mild nausea', 'mild orthopnea', 'cephalalgia (headache)', 'chest pressure waxing and waning']"
358e903e-180e-403d-b932-8338c86f10a5,"['extract only symptoms and clinical findings', 'do not extract: diagnoses, medications, labs, procedures, demographics, family history', 'do not include negated symptoms (e.g., ""denies chest pain"")', 'do not infer symptoms not explicitly mentioned', 'output format: one symptom per line, each starting with a hyphen (-)', 'if no symptoms found, output exactly: none', 'cc: patient presents with dizziness', 'hpi: reports feeling dizzy. ros: afebrile, throat not sore', 'works as a teacher', 'takes albuterol inhaler as needed', 'objective: vitals: bp 133/76, hr 73, temp 37.7c, rr 19. general: alert and oriented']"
