model,note_id,prediction_sample,num_predictions
mistral,98f695fb-eddc-4aa6-b0ab-1de01cafaca8,"['extract only symptoms and clinical findings', 'do not extract: diagnoses, medications, labs, procedures, demographics, family history', 'do not include negated symptoms (e.g., ""denies chest pain"")']",23
mistral,0baf2795-35ec-4bcf-a71f-a2c4d5bb4567,"['extract only symptoms and clinical findings', 'do not extract: diagnoses, medications, labs, procedures, demographics, family history', 'do not include negated symptoms (e.g., ""denies chest pain"")']",23
mistral,8f2ef59e-67ed-4419-a40c-ba1bbf1d806e,"['cough', 'whistling sound when breathing', 'chest pain']",4
mistral,ce6f81d2-6445-43d5-920a-3354f8a48777,"['llowing', 'debilitating throat pain', 'feeling exhausted']",5
mistral,a923a352-3b48-4122-87e6-68fc0d1ff7c4,"['improving chest discomfort', 'whistling sound when breathing', 'productive cough']",6
mistral,28863440-bc6d-4abb-bbaa-8c3d7304672f,"['moderate persistent cough', 'tiredness', 'shaking chills']",6
mistral,a7bd1337-616d-44e0-ae64-b025d2625adc,"['stion', 'asthenia', 'improving cough']",4
mistral,aed7ca01-2af3-4799-ac88-490d5515908e,"['extract only symptoms and clinical findings', 'do not extract: diagnoses, medications, labs, procedures, demographics, family history', 'do not include negated symptoms (e.g., ""denies chest pain"")']",23
mistral,2efab6fe-0867-4655-a942-fe3d0ab10e1a,"['extract only symptoms and clinical findings', 'do not extract: diagnoses, medications, labs, procedures, demographics, family history', 'do not include negated symptoms (e.g., ""denies chest pain"")']",11
mistral,f9463ea7-72c8-41ff-bbc7-aa65e1ba0e1b,"['erate wheezing', 'progressive cough', 'patient wrapped in blanket despite warm room (indicates discomfort, possibly related to fever or cough)']",3
mistral,623e7e66-9ff8-4f9e-848f-a6180faa8518,"['extract only symptoms and clinical findings', 'do not extract: diagnoses, medications, labs, procedures, demographics, family history', 'do not include negated symptoms (e.g., ""denies chest pain"")']",23
mistral,06981fd3-9505-4108-b03a-8b8797927756,"['breathing', 'improving breathlessness', 'decreased appetite']",5
mistral,7f93f736-8d60-40e3-8971-f420c4ab893f,"['extract only symptoms and clinical findings', 'do not extract: diagnoses, medications, labs, procedures, demographics, family history', 'do not include negated symptoms (e.g., ""denies chest pain"")']",11
mistral,358e903e-180e-403d-b932-8338c86f10a5,"['extract only symptoms and clinical findings', 'do not extract: diagnoses, medications, labs, procedures, demographics, family history', 'do not include negated symptoms (e.g., ""denies chest pain"")']",11
gemma,eaf52c8f-0da7-481a-bf26-5ea13dba9137,"['user', 'extract only symptoms and clinical findings', 'do not extract: diagnoses, medications, labs, procedures, demographics, family history']",14
gemma,64fce315-68f3-4ea3-b18b-5f96229c199c,"['user', 'extract only symptoms and clinical findings', 'do not extract: diagnoses, medications, labs, procedures, demographics, family history']",14
gemma,a8be31e2-ef8e-42e3-a6ec-4c3cf2c94943,"['user', 'extract only symptoms and clinical findings', 'do not extract: diagnoses, medications, labs, procedures, demographics, family history']",28
gemma,98f695fb-eddc-4aa6-b0ab-1de01cafaca8,"['user', 'extract only symptoms and clinical findings', 'do not extract: diagnoses, medications, labs, procedures, demographics, family history']",26
gemma,8aeb3840-1318-4c0e-b60f-c3de9a120ab0,"['user', 'extract only symptoms and clinical findings', 'do not extract: diagnoses, medications, labs, procedures, demographics, family history']",14
gemma,ca52d992-c882-4c5d-bf2e-1689d6d7b0aa,"['user', 'extract only symptoms and clinical findings', 'do not extract: diagnoses, medications, labs, procedures, demographics, family history']",15
gemma,1042123b-22c8-4d61-b6c9-c718be9363fb,"['user', 'extract only symptoms and clinical findings', 'do not extract: diagnoses, medications, labs, procedures, demographics, family history']",29
gemma,f2415b98-e712-49a6-a197-4637f9a08629,"['user', 'extract only symptoms and clinical findings', 'do not extract: diagnoses, medications, labs, procedures, demographics, family history']",12
gemma,faa66a82-5b6f-4849-8ab6-838033a4660a,"['user', 'extract only symptoms and clinical findings', 'do not extract: diagnoses, medications, labs, procedures, demographics, family history']",13
gemma,3dda27a6-c349-4720-ac3c-65c7b65057ee,"['user', 'extract only symptoms and clinical findings', 'do not extract: diagnoses, medications, labs, procedures, demographics, family history']",13
gemma,1b9178a3-ff3a-4f26-aea4-55f52006ab0d,"['user', 'extract only symptoms and clinical findings', 'do not extract: diagnoses, medications, labs, procedures, demographics, family history']",13
gemma,69fefbc6-5c78-4af2-b7cb-36ca45e4a5e4,"['user', 'extract only symptoms and clinical findings', 'do not extract: diagnoses, medications, labs, procedures, demographics, family history']",13
gemma,9e695056-5e02-418b-ac17-04574e227f7b,"['user', 'extract only symptoms and clinical findings', 'do not extract: diagnoses, medications, labs, procedures, demographics, family history']",14
gemma,adcbe10b-1d72-4e9c-87b9-2b32a70dfb37,"['user', 'extract only symptoms and clinical findings', 'do not extract: diagnoses, medications, labs, procedures, demographics, family history']",15
gemma,5ab6c73a-153a-4a0a-9514-37367f7834c5,"['user', 'extract only symptoms and clinical findings', 'do not extract: diagnoses, medications, labs, procedures, demographics, family history']",16
gemma,fce0f42d-55e7-4c8e-b09a-e2395e73bc32,"['user', 'extract only symptoms and clinical findings', 'do not extract: diagnoses, medications, labs, procedures, demographics, family history']",13
gemma,b2e191a9-0fa8-4b9d-ae83-b1388ca6518e,"['user', 'extract only symptoms and clinical findings', 'do not extract: diagnoses, medications, labs, procedures, demographics, family history']",13
gemma,b1ff2441-2f92-47f8-91c0-82893a55a35f,"['user', 'extract only symptoms and clinical findings', 'do not extract: diagnoses, medications, labs, procedures, demographics, family history']",13
gemma,6cda92ee-83a9-4642-bf52-58654e18decb,"['user', 'extract only symptoms and clinical findings', 'do not extract: diagnoses, medications, labs, procedures, demographics, family history']",15
gemma,ac8c67b4-35ea-43ce-96d0-caa78545782b,"['user', 'extract only symptoms and clinical findings', 'do not extract: diagnoses, medications, labs, procedures, demographics, family history']",14
gemma,cf6fdaac-6127-4583-ab32-e10dbc6d8110,"['user', 'extract only symptoms and clinical findings', 'do not extract: diagnoses, medications, labs, procedures, demographics, family history']",28
gemma,e80f609f-f770-4162-8f0f-1180eed84f5f,"['user', 'extract only symptoms and clinical findings', 'do not extract: diagnoses, medications, labs, procedures, demographics, family history']",16
gemma,02da4773-e29e-4bf1-884e-a1866d1b9ece,"['user', 'extract only symptoms and clinical findings', 'do not extract: diagnoses, medications, labs, procedures, demographics, family history']",14
gemma,26adb4ff-f45e-4d52-876e-dea6e48f283d,"['user', 'extract only symptoms and clinical findings', 'do not extract: diagnoses, medications, labs, procedures, demographics, family history']",25
gemma,d3382a7a-64e2-46bc-bc57-a7b6fbd3cb22,"['user', 'extract only symptoms and clinical findings', 'do not extract: diagnoses, medications, labs, procedures, demographics, family history']",27
gemma,93571b92-0574-4e35-9fb3-2c17c45c7cc6,"['user', 'extract only symptoms and clinical findings', 'do not extract: diagnoses, medications, labs, procedures, demographics, family history']",14
gemma,b89a24b3-7638-4109-8861-30dffc0b073b,"['user', 'extract only symptoms and clinical findings', 'do not extract: diagnoses, medications, labs, procedures, demographics, family history']",15
gemma,337ec9b5-a4b5-4221-a4a8-96aa8162bc66,"['user', 'extract only symptoms and clinical findings', 'do not extract: diagnoses, medications, labs, procedures, demographics, family history']",27
gemma,32115690-c2f7-4174-ae38-6f0998dba176,"['user', 'extract only symptoms and clinical findings', 'do not extract: diagnoses, medications, labs, procedures, demographics, family history']",13
gemma,5565c8fa-9c64-454e-9271-e0c4cd24f5ba,"['user', 'extract only symptoms and clinical findings', 'do not extract: diagnoses, medications, labs, procedures, demographics, family history']",26
gemma,86ff49f3-8555-4415-a863-b02bb1af424b,"['user', 'extract only symptoms and clinical findings', 'do not extract: diagnoses, medications, labs, procedures, demographics, family history']",13
gemma,511c5a37-ebfe-4a71-ae28-5d284dcb520d,"['user', 'extract only symptoms and clinical findings', 'do not extract: diagnoses, medications, labs, procedures, demographics, family history']",28
gemma,7ed7cf3a-845a-4971-90a9-69de6b12180e,"['user', 'extract only symptoms and clinical findings', 'do not extract: diagnoses, medications, labs, procedures, demographics, family history']",13
gemma,6b6f9d90-772c-42d0-bc39-cb3281a19ff9,"['user', 'extract only symptoms and clinical findings', 'do not extract: diagnoses, medications, labs, procedures, demographics, family history']",26
gemma,c3203bbf-9d12-4495-b45c-b34157cee24c,"['user', 'extract only symptoms and clinical findings', 'do not extract: diagnoses, medications, labs, procedures, demographics, family history']",13
gemma,21158bdf-93fc-4c71-a832-d779c6d7a6dc,"['user', 'extract only symptoms and clinical findings', 'do not extract: diagnoses, medications, labs, procedures, demographics, family history']",17
gemma,48250ffe-9927-49a2-bed2-9bbce8d8f280,"['user', 'extract only symptoms and clinical findings', 'do not extract: diagnoses, medications, labs, procedures, demographics, family history']",13
gemma,6a538edb-6ee9-4073-983c-c51bda50164a,"['user', 'extract only symptoms and clinical findings', 'do not extract: diagnoses, medications, labs, procedures, demographics, family history']",27
gemma,a4f967ba-b151-4896-8818-b8a24636bb52,"['user', 'extract only symptoms and clinical findings', 'do not extract: diagnoses, medications, labs, procedures, demographics, family history']",13
gemma,394d3fb5-7ce8-456f-8a95-458d70858be0,"['user', 'extract only symptoms and clinical findings', 'do not extract: diagnoses, medications, labs, procedures, demographics, family history']",27
gemma,23ce9cdd-3566-4e4c-8277-70c2d89bf094,"['user', 'extract only symptoms and clinical findings', 'do not extract: diagnoses, medications, labs, procedures, demographics, family history']",27
gemma,0124de1f-5380-43f9-9281-0895de242b0e,"['user', 'extract only symptoms and clinical findings', 'do not extract: diagnoses, medications, labs, procedures, demographics, family history']",16
gemma,9a9008d9-32d3-4367-9672-03343fab26c6,"['user', 'extract only symptoms and clinical findings', 'do not extract: diagnoses, medications, labs, procedures, demographics, family history']",25
gemma,6c0ef6d2-a879-436e-b926-209d84e44437,"['user', 'extract only symptoms and clinical findings', 'do not extract: diagnoses, medications, labs, procedures, demographics, family history']",12
gemma,0baf2795-35ec-4bcf-a71f-a2c4d5bb4567,"['user', 'extract only symptoms and clinical findings', 'do not extract: diagnoses, medications, labs, procedures, demographics, family history']",26
gemma,b335d364-696b-41c7-a3d0-26c26acff349,"['user', 'extract only symptoms and clinical findings', 'do not extract: diagnoses, medications, labs, procedures, demographics, family history']",27
gemma,d16778d6-fb24-466f-9542-d3e25a0a4849,"['user', 'extract only symptoms and clinical findings', 'do not extract: diagnoses, medications, labs, procedures, demographics, family history']",14
gemma,18ec0531-9e1a-41f5-9d10-f602a848b717,"['user', 'extract only symptoms and clinical findings', 'do not extract: diagnoses, medications, labs, procedures, demographics, family history']",29
gemma,38739fe8-85e4-4c10-90b1-9007a6baf671,"['user', 'extract only symptoms and clinical findings', 'do not extract: diagnoses, medications, labs, procedures, demographics, family history']",12
gemma,cb3785ae-6eb5-4ce4-9cb9-9c4ef8ed34f4,"['user', 'extract only symptoms and clinical findings', 'do not extract: diagnoses, medications, labs, procedures, demographics, family history']",15
gemma,8f2ef59e-67ed-4419-a40c-ba1bbf1d806e,"['user', 'extract only symptoms and clinical findings', 'do not extract: diagnoses, medications, labs, procedures, demographics, family history']",27
gemma,ef8a867e-7114-4b29-916c-f4d8aa4faafb,"['user', 'extract only symptoms and clinical findings', 'do not extract: diagnoses, medications, labs, procedures, demographics, family history']",27
gemma,3e79df46-5367-47ec-8132-7573acd8d67a,"['user', 'extract only symptoms and clinical findings', 'do not extract: diagnoses, medications, labs, procedures, demographics, family history']",15
gemma,f6a9a489-2a58-413c-b476-e60af41f51ff,"['user', 'extract only symptoms and clinical findings', 'do not extract: diagnoses, medications, labs, procedures, demographics, family history']",27
gemma,d1069930-c9c7-4565-8644-41cf8ee2f633,"['user', 'extract only symptoms and clinical findings', 'do not extract: diagnoses, medications, labs, procedures, demographics, family history']",13
gemma,a1744fb8-6d51-4fea-ad8f-34b199c89d39,"['user', 'extract only symptoms and clinical findings', 'do not extract: diagnoses, medications, labs, procedures, demographics, family history']",27
gemma,3ce8df42-13b8-4600-9873-27e24dc6899d,"['user', 'extract only symptoms and clinical findings', 'do not extract: diagnoses, medications, labs, procedures, demographics, family history']",28
gemma,91dacffa-2636-4a5b-a59a-d42632fe0b97,"['user', 'extract only symptoms and clinical findings', 'do not extract: diagnoses, medications, labs, procedures, demographics, family history']",13
gemma,5ef2069e-5724-474a-b05d-801bc40ec399,"['user', 'extract only symptoms and clinical findings', 'do not extract: diagnoses, medications, labs, procedures, demographics, family history']",14
gemma,4b58e49a-a313-49a6-9d6b-d00b4e91a4a9,"['user', 'extract only symptoms and clinical findings', 'do not extract: diagnoses, medications, labs, procedures, demographics, family history']",26
gemma,df249d4f-402e-4b34-896b-b506ce31f8c0,"['user', 'extract only symptoms and clinical findings', 'do not extract: diagnoses, medications, labs, procedures, demographics, family history']",12
gemma,04e3b92f-ee08-4bf7-95f8-98ec0fbd08de,"['user', 'extract only symptoms and clinical findings', 'do not extract: diagnoses, medications, labs, procedures, demographics, family history']",26
gemma,508db8b3-f077-44a5-90a0-ed02f78ea516,"['user', 'extract only symptoms and clinical findings', 'do not extract: diagnoses, medications, labs, procedures, demographics, family history']",27
gemma,5bc8ce20-53af-4dbb-b0fd-be6e72b67243,"['user', 'extract only symptoms and clinical findings', 'do not extract: diagnoses, medications, labs, procedures, demographics, family history']",15
gemma,fbe1483a-a7ac-4148-a874-881daec2d838,"['user', 'extract only symptoms and clinical findings', 'do not extract: diagnoses, medications, labs, procedures, demographics, family history']",13
gemma,e3df9749-1449-43cc-ad6d-9cdbb8a7f702,"['user', 'extract only symptoms and clinical findings', 'do not extract: diagnoses, medications, labs, procedures, demographics, family history']",15
gemma,2d85bee9-034b-4f30-a01f-389afcbc364e,"['user', 'extract only symptoms and clinical findings', 'do not extract: diagnoses, medications, labs, procedures, demographics, family history']",13
gemma,515376a5-2063-4039-a680-80571015bfe8,"['user', 'extract only symptoms and clinical findings', 'do not extract: diagnoses, medications, labs, procedures, demographics, family history']",16
gemma,8f698013-a30d-4b12-aaeb-8f62b11e3e09,"['user', 'extract only symptoms and clinical findings', 'do not extract: diagnoses, medications, labs, procedures, demographics, family history']",16
gemma,235313bb-43af-4eaf-b296-c3a623b8a6a5,"['user', 'extract only symptoms and clinical findings', 'do not extract: diagnoses, medications, labs, procedures, demographics, family history']",27
gemma,d7ecbdee-e85e-49e9-aea6-514bbb9afed0,"['user', 'extract only symptoms and clinical findings', 'do not extract: diagnoses, medications, labs, procedures, demographics, family history']",13
gemma,69289045-f62d-42e1-8eb2-f11f78672757,"['user', 'extract only symptoms and clinical findings', 'do not extract: diagnoses, medications, labs, procedures, demographics, family history']",28
gemma,8dd89591-9dbe-446c-87ca-4f18f5a8a72a,"['user', 'extract only symptoms and clinical findings', 'do not extract: diagnoses, medications, labs, procedures, demographics, family history']",14
gemma,a1fbf4c3-8ac6-4517-a6bd-a64636487b6c,"['user', 'extract only symptoms and clinical findings', 'do not extract: diagnoses, medications, labs, procedures, demographics, family history']",14
gemma,3803b896-8995-437a-aedb-a762c8a6ada0,"['user', 'extract only symptoms and clinical findings', 'do not extract: diagnoses, medications, labs, procedures, demographics, family history']",13
gemma,e2bbe6b9-7838-4fb5-aab2-9427597e1870,"['user', 'extract only symptoms and clinical findings', 'do not extract: diagnoses, medications, labs, procedures, demographics, family history']",27
gemma,73e81b22-00ee-4940-b459-aa2680b555f3,"['user', 'extract only symptoms and clinical findings', 'do not extract: diagnoses, medications, labs, procedures, demographics, family history']",16
gemma,2009d446-a198-4045-9123-c1162788f555,"['user', 'extract only symptoms and clinical findings', 'do not extract: diagnoses, medications, labs, procedures, demographics, family history']",13
gemma,abf5ac0f-3aa1-4321-9226-e4abba281292,"['user', 'extract only symptoms and clinical findings', 'do not extract: diagnoses, medications, labs, procedures, demographics, family history']",25
gemma,a6773b5e-05b8-46e0-b8e2-36fed09939a6,"['user', 'extract only symptoms and clinical findings', 'do not extract: diagnoses, medications, labs, procedures, demographics, family history']",14
gemma,bf6db789-04c8-43d2-a7d4-ef8d19d3e4b0,"['user', 'extract only symptoms and clinical findings', 'do not extract: diagnoses, medications, labs, procedures, demographics, family history']",12
gemma,af7c0eb9-f7df-45c9-bd85-a82624bc4524,"['user', 'extract only symptoms and clinical findings', 'do not extract: diagnoses, medications, labs, procedures, demographics, family history']",27
gemma,2e0d3897-f10f-4429-aef6-776a7beb1240,"['user', 'extract only symptoms and clinical findings', 'do not extract: diagnoses, medications, labs, procedures, demographics, family history']",16
gemma,4b5b25b7-72d0-44bf-90cb-dd1b52ea74e2,"['user', 'extract only symptoms and clinical findings', 'do not extract: diagnoses, medications, labs, procedures, demographics, family history']",14
gemma,3dbf06d3-24fc-4b25-a16c-3f7fd2c9b056,"['user', 'extract only symptoms and clinical findings', 'do not extract: diagnoses, medications, labs, procedures, demographics, family history']",14
gemma,a7bd1337-616d-44e0-ae64-b025d2625adc,"['user', 'extract only symptoms and clinical findings', 'do not extract: diagnoses, medications, labs, procedures, demographics, family history']",15
gemma,322d6c4d-389c-4640-be69-1339f46dfac8,"['user', 'extract only symptoms and clinical findings', 'do not extract: diagnoses, medications, labs, procedures, demographics, family history']",14
gemma,a351464a-effb-4f86-9804-f144755ab40f,"['user', 'extract only symptoms and clinical findings', 'do not extract: diagnoses, medications, labs, procedures, demographics, family history']",14
gemma,05993672-5eb1-4df8-bdcd-c2ec8c5a94e0,"['user', 'extract only symptoms and clinical findings', 'do not extract: diagnoses, medications, labs, procedures, demographics, family history']",15
gemma,c52ef69e-1387-45f7-adae-3117cbdd4525,"['user', 'extract only symptoms and clinical findings', 'do not extract: diagnoses, medications, labs, procedures, demographics, family history']",26
gemma,4ae5d453-bc60-498b-b6b1-0f01e12026b0,"['user', 'extract only symptoms and clinical findings', 'do not extract: diagnoses, medications, labs, procedures, demographics, family history']",26
gemma,bbfe70f5-9e44-4452-ae99-643732c2215b,"['user', 'extract only symptoms and clinical findings', 'do not extract: diagnoses, medications, labs, procedures, demographics, family history']",28
gemma,a35e6dc1-a305-4443-b5e7-c424494a996a,"['user', 'extract only symptoms and clinical findings', 'do not extract: diagnoses, medications, labs, procedures, demographics, family history']",15
gemma,30f740d5-9372-45e2-b21d-9998aca066c9,"['user', 'extract only symptoms and clinical findings', 'do not extract: diagnoses, medications, labs, procedures, demographics, family history']",12
gemma,c4cec3de-9d77-4859-9a05-568f5d09c1aa,"['user', 'extract only symptoms and clinical findings', 'do not extract: diagnoses, medications, labs, procedures, demographics, family history']",14
gemma,ad3dd61b-dd01-4319-b0f8-30f06f97ca99,"['user', 'extract only symptoms and clinical findings', 'do not extract: diagnoses, medications, labs, procedures, demographics, family history']",13
gemma,b88cda93-b6a5-401f-bb20-5fe242680f4b,"['user', 'extract only symptoms and clinical findings', 'do not extract: diagnoses, medications, labs, procedures, demographics, family history']",26
gemma,3dc5c90d-f676-42fc-8889-16b8a7b59d89,"['user', 'extract only symptoms and clinical findings', 'do not extract: diagnoses, medications, labs, procedures, demographics, family history']",28
gemma,e654947f-4055-495d-bfca-eb50f77f6e6b,"['user', 'extract only symptoms and clinical findings', 'do not extract: diagnoses, medications, labs, procedures, demographics, family history']",14
gemma,f3ab95d2-1fa8-4630-a830-a5122685fabe,"['user', 'extract only symptoms and clinical findings', 'do not extract: diagnoses, medications, labs, procedures, demographics, family history']",13
gemma,26a7f90e-b33f-46e6-80ec-92d0fc02dd31,"['user', 'extract only symptoms and clinical findings', 'do not extract: diagnoses, medications, labs, procedures, demographics, family history']",14
gemma,7c713468-d0f4-44a5-b1a1-2a4720e361e3,"['user', 'extract only symptoms and clinical findings', 'do not extract: diagnoses, medications, labs, procedures, demographics, family history']",14
gemma,0b2f71b7-5df5-4cbe-85ce-993296ebdcbe,"['user', 'extract only symptoms and clinical findings', 'do not extract: diagnoses, medications, labs, procedures, demographics, family history']",16
gemma,019affd9-e71e-4f8e-aaa2-3aa7736b0cc2,"['user', 'extract only symptoms and clinical findings', 'do not extract: diagnoses, medications, labs, procedures, demographics, family history']",14
gemma,4a441317-2e4b-4796-9a83-40c3856a9fca,"['user', 'extract only symptoms and clinical findings', 'do not extract: diagnoses, medications, labs, procedures, demographics, family history']",28
gemma,a2196b4c-cd29-4301-b8ed-e7ab68b5c495,"['user', 'extract only symptoms and clinical findings', 'do not extract: diagnoses, medications, labs, procedures, demographics, family history']",14
gemma,4d41f2ae-b951-4e06-a833-418681ade3da,"['user', 'extract only symptoms and clinical findings', 'do not extract: diagnoses, medications, labs, procedures, demographics, family history']",13
gemma,45e6d9a0-4044-49f5-ac64-f37dd14bbf87,"['user', 'extract only symptoms and clinical findings', 'do not extract: diagnoses, medications, labs, procedures, demographics, family history']",13
gemma,7a8f78c6-0337-4d7a-a93d-190b4e7a057b,"['user', 'extract only symptoms and clinical findings', 'do not extract: diagnoses, medications, labs, procedures, demographics, family history']",14
gemma,33b48c25-726b-4804-a504-b0791ca5bd7f,"['user', 'extract only symptoms and clinical findings', 'do not extract: diagnoses, medications, labs, procedures, demographics, family history']",14
gemma,baf1dd40-42cf-43b7-a3ce-8697bdc5c933,"['user', 'extract only symptoms and clinical findings', 'do not extract: diagnoses, medications, labs, procedures, demographics, family history']",12
gemma,8c6d5c80-586e-4b13-bd7f-faf12cf3ab50,"['user', 'extract only symptoms and clinical findings', 'do not extract: diagnoses, medications, labs, procedures, demographics, family history']",13
gemma,3f5502ec-d694-49d0-b049-d83bb908b3c6,"['user', 'extract only symptoms and clinical findings', 'do not extract: diagnoses, medications, labs, procedures, demographics, family history']",15
gemma,e720728f-1f30-4daa-9ead-4a984a6bade6,"['user', 'extract only symptoms and clinical findings', 'do not extract: diagnoses, medications, labs, procedures, demographics, family history']",13
gemma,45f51e5d-528f-4529-a015-d0b661966d7a,"['user', 'extract only symptoms and clinical findings', 'do not extract: diagnoses, medications, labs, procedures, demographics, family history']",13
gemma,f4528c63-4559-444f-b201-bf06acc8fc51,"['user', 'extract only symptoms and clinical findings', 'do not extract: diagnoses, medications, labs, procedures, demographics, family history']",14
gemma,a8ddbf93-edde-430f-87c3-1fcee1f33b22,"['user', 'extract only symptoms and clinical findings', 'do not extract: diagnoses, medications, labs, procedures, demographics, family history']",14
gemma,99e5f7be-a0d8-45f8-a680-45b81dfcebef,"['user', 'extract only symptoms and clinical findings', 'do not extract: diagnoses, medications, labs, procedures, demographics, family history']",12
gemma,32679318-9d69-4476-ae4c-031f314e582f,"['user', 'extract only symptoms and clinical findings', 'do not extract: diagnoses, medications, labs, procedures, demographics, family history']",27
gemma,6a5724d8-20e6-40ab-ac87-8907679ba6d6,"['user', 'extract only symptoms and clinical findings', 'do not extract: diagnoses, medications, labs, procedures, demographics, family history']",27
gemma,f2180d7d-e052-4a47-8cf2-72066f55b378,"['user', 'extract only symptoms and clinical findings', 'do not extract: diagnoses, medications, labs, procedures, demographics, family history']",17
gemma,4bb6b9e1-6d0a-4837-b28d-48ca0633b1b5,"['user', 'extract only symptoms and clinical findings', 'do not extract: diagnoses, medications, labs, procedures, demographics, family history']",26
gemma,d3057ff2-f5d9-4812-ba96-576e310a308b,"['user', 'extract only symptoms and clinical findings', 'do not extract: diagnoses, medications, labs, procedures, demographics, family history']",15
gemma,a27423e3-9668-4bf2-83ea-cc14054ec5b5,"['user', 'extract only symptoms and clinical findings', 'do not extract: diagnoses, medications, labs, procedures, demographics, family history']",27
gemma,66481868-7ae1-483f-a0cf-7a0fa8305981,"['user', 'extract only symptoms and clinical findings', 'do not extract: diagnoses, medications, labs, procedures, demographics, family history']",26
gemma,98ee83f9-71ad-4b82-806b-108b90cfded2,"['user', 'extract only symptoms and clinical findings', 'do not extract: diagnoses, medications, labs, procedures, demographics, family history']",27
gemma,b90cb76e-a11f-4374-bb1b-58a8c43472e2,"['user', 'extract only symptoms and clinical findings', 'do not extract: diagnoses, medications, labs, procedures, demographics, family history']",14
gemma,aed7ca01-2af3-4799-ac88-490d5515908e,"['user', 'extract only symptoms and clinical findings', 'do not extract: diagnoses, medications, labs, procedures, demographics, family history']",26
gemma,ed5a482d-9d51-46b6-9fc8-dc7efd09fc4a,"['user', 'extract only symptoms and clinical findings', 'do not extract: diagnoses, medications, labs, procedures, demographics, family history']",26
gemma,86dced3a-67fc-474e-96b3-2b0b520bf282,"['user', 'extract only symptoms and clinical findings', 'do not extract: diagnoses, medications, labs, procedures, demographics, family history']",14
gemma,b075ea54-1146-4e67-9dd2-e5b84557e206,"['user', 'extract only symptoms and clinical findings', 'do not extract: diagnoses, medications, labs, procedures, demographics, family history']",15
gemma,8eec8316-d841-4fb7-ae5f-ed16942dd356,"['user', 'extract only symptoms and clinical findings', 'do not extract: diagnoses, medications, labs, procedures, demographics, family history']",15
gemma,656eb105-345c-400c-bb1f-034c77336899,"['user', 'extract only symptoms and clinical findings', 'do not extract: diagnoses, medications, labs, procedures, demographics, family history']",14
gemma,d055d218-0faf-4390-aa10-4e540dfe161b,"['user', 'extract only symptoms and clinical findings', 'do not extract: diagnoses, medications, labs, procedures, demographics, family history']",16
gemma,13f951da-1f8c-44ec-835f-2b26ca0cf4ae,"['user', 'extract only symptoms and clinical findings', 'do not extract: diagnoses, medications, labs, procedures, demographics, family history']",28
gemma,d31cacba-b88d-4032-9d39-968d1f63061b,"['user', 'extract only symptoms and clinical findings', 'do not extract: diagnoses, medications, labs, procedures, demographics, family history']",28
gemma,06d3cd7b-e3ef-42e3-8d8a-2c95eafcba2f,"['user', 'extract only symptoms and clinical findings', 'do not extract: diagnoses, medications, labs, procedures, demographics, family history']",14
gemma,4ce15bbc-71c5-442e-bb6f-f907e471aa6f,"['user', 'extract only symptoms and clinical findings', 'do not extract: diagnoses, medications, labs, procedures, demographics, family history']",13
gemma,f8a0baef-5c1b-4e8d-8183-1b5e96fcc9fd,"['user', 'extract only symptoms and clinical findings', 'do not extract: diagnoses, medications, labs, procedures, demographics, family history']",29
gemma,3745f929-acf2-4a89-b8b1-2911b508fbc6,"['user', 'extract only symptoms and clinical findings', 'do not extract: diagnoses, medications, labs, procedures, demographics, family history']",27
gemma,ad3900a4-dac5-447c-bba2-fa7b4def76e0,"['user', 'extract only symptoms and clinical findings', 'do not extract: diagnoses, medications, labs, procedures, demographics, family history']",28
gemma,67947948-5ee3-448e-b40d-d0a41a646d20,"['user', 'extract only symptoms and clinical findings', 'do not extract: diagnoses, medications, labs, procedures, demographics, family history']",14
gemma,c8d677c1-86e6-4140-91a9-0d6243770010,"['user', 'extract only symptoms and clinical findings', 'do not extract: diagnoses, medications, labs, procedures, demographics, family history']",15
gemma,d3f3a499-ab3e-478b-b879-163e2327c8f5,"['user', 'extract only symptoms and clinical findings', 'do not extract: diagnoses, medications, labs, procedures, demographics, family history']",14
gemma,d6da24b3-b2bd-438f-b971-bc66e35addb7,"['user', 'extract only symptoms and clinical findings', 'do not extract: diagnoses, medications, labs, procedures, demographics, family history']",16
gemma,cec50d99-a226-473f-bbea-5eb72429ec00,"['user', 'extract only symptoms and clinical findings', 'do not extract: diagnoses, medications, labs, procedures, demographics, family history']",13
gemma,01ec8c4f-ca2b-4676-8320-ec97468d3466,"['user', 'extract only symptoms and clinical findings', 'do not extract: diagnoses, medications, labs, procedures, demographics, family history']",27
gemma,c3c644f1-acae-4dd7-a7f9-5a13a612f57a,"['user', 'extract only symptoms and clinical findings', 'do not extract: diagnoses, medications, labs, procedures, demographics, family history']",16
gemma,6b09059a-fe3a-42dc-8e2d-966f7d55f7b4,"['user', 'extract only symptoms and clinical findings', 'do not extract: diagnoses, medications, labs, procedures, demographics, family history']",12
gemma,5ac67be8-e2b8-4159-9416-ddf3e18540ce,"['user', 'extract only symptoms and clinical findings', 'do not extract: diagnoses, medications, labs, procedures, demographics, family history']",15
gemma,08a37642-dfcf-4819-909b-a9f4c2d483ee,"['user', 'extract only symptoms and clinical findings', 'do not extract: diagnoses, medications, labs, procedures, demographics, family history']",28
gemma,96f84f84-b49b-496f-96d7-fe546d7513b9,"['user', 'extract only symptoms and clinical findings', 'do not extract: diagnoses, medications, labs, procedures, demographics, family history']",12
gemma,2efab6fe-0867-4655-a942-fe3d0ab10e1a,"['user', 'extract only symptoms and clinical findings', 'do not extract: diagnoses, medications, labs, procedures, demographics, family history']",14
gemma,b1eb2fdc-dd39-4b96-b054-67f964565c10,"['user', 'extract only symptoms and clinical findings', 'do not extract: diagnoses, medications, labs, procedures, demographics, family history']",13
gemma,175f9be8-8f11-445b-8783-acc3a20153dc,"['user', 'extract only symptoms and clinical findings', 'do not extract: diagnoses, medications, labs, procedures, demographics, family history']",13
gemma,8da2a70e-f1d0-4a51-b580-c25599277604,"['user', 'extract only symptoms and clinical findings', 'do not extract: diagnoses, medications, labs, procedures, demographics, family history']",15
gemma,2330db1e-f5a6-418c-bf1c-434f8aeca09c,"['user', 'extract only symptoms and clinical findings', 'do not extract: diagnoses, medications, labs, procedures, demographics, family history']",26
gemma,992e0cc2-4f06-40b9-bc3b-83b76d070592,"['user', 'extract only symptoms and clinical findings', 'do not extract: diagnoses, medications, labs, procedures, demographics, family history']",27
gemma,4d78e6b5-c4c5-4af6-b04a-00197490b116,"['user', 'extract only symptoms and clinical findings', 'do not extract: diagnoses, medications, labs, procedures, demographics, family history']",27
gemma,9b72f648-5680-4dc4-a17a-8a56801255ca,"['user', 'extract only symptoms and clinical findings', 'do not extract: diagnoses, medications, labs, procedures, demographics, family history']",26
gemma,bbe738ee-eab6-4c3f-9ca3-83f87632a5f7,"['user', 'extract only symptoms and clinical findings', 'do not extract: diagnoses, medications, labs, procedures, demographics, family history']",28
gemma,9db19efc-4fdf-4f00-a61b-983da2da8218,"['user', 'extract only symptoms and clinical findings', 'do not extract: diagnoses, medications, labs, procedures, demographics, family history']",27
gemma,6b47148b-4b07-489d-839a-c2019de93e9e,"['user', 'extract only symptoms and clinical findings', 'do not extract: diagnoses, medications, labs, procedures, demographics, family history']",14
gemma,a7363c80-a33e-4155-a148-92e8de4620c6,"['user', 'extract only symptoms and clinical findings', 'do not extract: diagnoses, medications, labs, procedures, demographics, family history']",28
gemma,4bd477f3-87ee-4aa8-9bbe-a5c70bd2a82f,"['user', 'extract only symptoms and clinical findings', 'do not extract: diagnoses, medications, labs, procedures, demographics, family history']",12
gemma,4edaddc7-3938-42b7-bcc5-6354aa0169a4,"['user', 'extract only symptoms and clinical findings', 'do not extract: diagnoses, medications, labs, procedures, demographics, family history']",15
gemma,4166c797-9730-49b1-a7fe-9970fcd4eacb,"['user', 'extract only symptoms and clinical findings', 'do not extract: diagnoses, medications, labs, procedures, demographics, family history']",15
gemma,377f839f-5e4e-4a64-8aaa-adf065eea742,"['user', 'extract only symptoms and clinical findings', 'do not extract: diagnoses, medications, labs, procedures, demographics, family history']",13
gemma,3ac3f2a8-6e52-47b1-9e2c-ec0eed900dc5,"['user', 'extract only symptoms and clinical findings', 'do not extract: diagnoses, medications, labs, procedures, demographics, family history']",16
gemma,ce7b9429-5baa-45c1-91fc-bf2f933bf7c5,"['user', 'extract only symptoms and clinical findings', 'do not extract: diagnoses, medications, labs, procedures, demographics, family history']",28
gemma,69db5499-5a98-4d34-b3eb-49250ca270cd,"['user', 'extract only symptoms and clinical findings', 'do not extract: diagnoses, medications, labs, procedures, demographics, family history']",12
gemma,3f0d8e02-2545-40e4-828d-3f4be62746f9,"['user', 'extract only symptoms and clinical findings', 'do not extract: diagnoses, medications, labs, procedures, demographics, family history']",14
gemma,e171a2d5-adc8-4727-a0ab-8e2d8c55e9f1,"['user', 'extract only symptoms and clinical findings', 'do not extract: diagnoses, medications, labs, procedures, demographics, family history']",14
gemma,7d18612c-554f-431f-aa5a-2556719f12de,"['user', 'extract only symptoms and clinical findings', 'do not extract: diagnoses, medications, labs, procedures, demographics, family history']",15
gemma,39723eb1-fcbc-440b-ae1a-febd2df88b75,"['user', 'extract only symptoms and clinical findings', 'do not extract: diagnoses, medications, labs, procedures, demographics, family history']",14
gemma,25746de7-80ce-45bd-ad81-4e109f0fcc77,"['user', 'extract only symptoms and clinical findings', 'do not extract: diagnoses, medications, labs, procedures, demographics, family history']",14
gemma,d4c77818-75e9-43cb-8d1b-7c8e6408192c,"['user', 'extract only symptoms and clinical findings', 'do not extract: diagnoses, medications, labs, procedures, demographics, family history']",15
gemma,228c5e94-122f-479c-801a-c5fff4c69b9b,"['user', 'extract only symptoms and clinical findings', 'do not extract: diagnoses, medications, labs, procedures, demographics, family history']",15
gemma,530d5f51-2797-459b-89b9-d928f0c4a720,"['user', 'extract only symptoms and clinical findings', 'do not extract: diagnoses, medications, labs, procedures, demographics, family history']",12
gemma,5464f821-7b1d-469d-85ee-07d590919a2a,"['user', 'extract only symptoms and clinical findings', 'do not extract: diagnoses, medications, labs, procedures, demographics, family history']",15
gemma,21fb6d32-5682-4fa3-b6c3-771e205fa348,"['user', 'extract only symptoms and clinical findings', 'do not extract: diagnoses, medications, labs, procedures, demographics, family history']",26
gemma,d950a58a-0aef-41f2-b8ba-9f2fea717a47,"['user', 'extract only symptoms and clinical findings', 'do not extract: diagnoses, medications, labs, procedures, demographics, family history']",27
gemma,7f96a112-2acd-40ad-bae0-0002c58a6801,"['user', 'extract only symptoms and clinical findings', 'do not extract: diagnoses, medications, labs, procedures, demographics, family history']",14
gemma,b3eafed4-98ed-4fba-b138-8455cbc6d741,"['user', 'extract only symptoms and clinical findings', 'do not extract: diagnoses, medications, labs, procedures, demographics, family history']",27
gemma,19003d63-afe9-4e62-b0a4-85cf14af4228,"['user', 'extract only symptoms and clinical findings', 'do not extract: diagnoses, medications, labs, procedures, demographics, family history']",14
gemma,6cc4d957-d61a-4e26-9ca3-351a9170f01b,"['user', 'extract only symptoms and clinical findings', 'do not extract: diagnoses, medications, labs, procedures, demographics, family history']",13
gemma,510d3ba7-bd1e-47d7-a639-187de73ceb94,"['user', 'extract only symptoms and clinical findings', 'do not extract: diagnoses, medications, labs, procedures, demographics, family history']",12
gemma,0fe56e2d-d4f1-4b39-b19c-289b86697a5b,"['user', 'extract only symptoms and clinical findings', 'do not extract: diagnoses, medications, labs, procedures, demographics, family history']",14
gemma,01945e53-48d9-4b92-8a8a-ca44c5096794,"['user', 'extract only symptoms and clinical findings', 'do not extract: diagnoses, medications, labs, procedures, demographics, family history']",26
gemma,cbc1ed4e-96ed-4519-ba84-ec0433e1ce43,"['user', 'extract only symptoms and clinical findings', 'do not extract: diagnoses, medications, labs, procedures, demographics, family history']",14
gemma,17c5656a-7219-4c81-8ffa-386f945da2e9,"['user', 'extract only symptoms and clinical findings', 'do not extract: diagnoses, medications, labs, procedures, demographics, family history']",14
gemma,2a44ccf4-a209-43cc-93b3-2dbda166ccc2,"['user', 'extract only symptoms and clinical findings', 'do not extract: diagnoses, medications, labs, procedures, demographics, family history']",27
gemma,94fb0010-6208-4482-8040-4a08c7e5a8f8,"['user', 'extract only symptoms and clinical findings', 'do not extract: diagnoses, medications, labs, procedures, demographics, family history']",14
gemma,33e1bf2d-e705-440b-ace1-74a504ef30b7,"['user', 'extract only symptoms and clinical findings', 'do not extract: diagnoses, medications, labs, procedures, demographics, family history']",14
gemma,f7c83b72-4ba8-4978-b51e-915175968c77,"['user', 'extract only symptoms and clinical findings', 'do not extract: diagnoses, medications, labs, procedures, demographics, family history']",28
gemma,f9463ea7-72c8-41ff-bbc7-aa65e1ba0e1b,"['user', 'extract only symptoms and clinical findings', 'do not extract: diagnoses, medications, labs, procedures, demographics, family history']",28
gemma,951c3502-d1bd-40df-b9af-c0fe6ab9ecdb,"['user', 'extract only symptoms and clinical findings', 'do not extract: diagnoses, medications, labs, procedures, demographics, family history']",14
gemma,976561e9-329b-4016-b968-f8b7f8fc004f,"['user', 'extract only symptoms and clinical findings', 'do not extract: diagnoses, medications, labs, procedures, demographics, family history']",14
gemma,7fbe1f91-8778-42e6-8797-44618c208a24,"['user', 'extract only symptoms and clinical findings', 'do not extract: diagnoses, medications, labs, procedures, demographics, family history']",14
gemma,a19d88ee-0eb3-4c28-a3fc-e33778dc9dde,"['user', 'extract only symptoms and clinical findings', 'do not extract: diagnoses, medications, labs, procedures, demographics, family history']",13
gemma,00978ece-4788-4b0e-a582-da67d7c13af9,"['user', 'extract only symptoms and clinical findings', 'do not extract: diagnoses, medications, labs, procedures, demographics, family history']",12
gemma,1d9b8943-a589-4977-8560-b587dca6cd28,"['user', 'extract only symptoms and clinical findings', 'do not extract: diagnoses, medications, labs, procedures, demographics, family history']",13
gemma,f965f133-5274-4da2-92fd-2a4a356d8416,"['user', 'extract only symptoms and clinical findings', 'do not extract: diagnoses, medications, labs, procedures, demographics, family history']",13
gemma,4d090f9c-d60c-4cbe-946e-9cbd419073bb,"['user', 'extract only symptoms and clinical findings', 'do not extract: diagnoses, medications, labs, procedures, demographics, family history']",14
gemma,b6f397f1-22f0-4265-9438-2db9f5246901,"['user', 'extract only symptoms and clinical findings', 'do not extract: diagnoses, medications, labs, procedures, demographics, family history']",27
gemma,88787b72-60f2-4958-905d-96f8a864bd35,"['user', 'extract only symptoms and clinical findings', 'do not extract: diagnoses, medications, labs, procedures, demographics, family history']",12
gemma,28c38df0-6682-4e83-9c3d-5504621493a9,"['user', 'extract only symptoms and clinical findings', 'do not extract: diagnoses, medications, labs, procedures, demographics, family history']",13
gemma,bf8aa7c2-d608-4436-a645-8141e2967b76,"['user', 'extract only symptoms and clinical findings', 'do not extract: diagnoses, medications, labs, procedures, demographics, family history']",28
gemma,62297271-6b99-48ee-bf8a-8fb8eb7d86a7,"['user', 'extract only symptoms and clinical findings', 'do not extract: diagnoses, medications, labs, procedures, demographics, family history']",15
gemma,d0ecabe3-b04e-4453-9c3c-2b6d5a0d2fc1,"['user', 'extract only symptoms and clinical findings', 'do not extract: diagnoses, medications, labs, procedures, demographics, family history']",14
gemma,11f20f6d-2aee-4b26-ba29-98e568eef0cb,"['user', 'extract only symptoms and clinical findings', 'do not extract: diagnoses, medications, labs, procedures, demographics, family history']",28
gemma,623e7e66-9ff8-4f9e-848f-a6180faa8518,"['user', 'extract only symptoms and clinical findings', 'do not extract: diagnoses, medications, labs, procedures, demographics, family history']",26
gemma,bb15f5d5-c684-403c-abdc-b6764a4ba8fb,"['user', 'extract only symptoms and clinical findings', 'do not extract: diagnoses, medications, labs, procedures, demographics, family history']",14
gemma,a852d7bb-995c-4105-bfbf-ead639520de0,"['user', 'extract only symptoms and clinical findings', 'do not extract: diagnoses, medications, labs, procedures, demographics, family history']",27
gemma,377e6c4a-ce67-4116-99ce-f4c8136a3e89,"['user', 'extract only symptoms and clinical findings', 'do not extract: diagnoses, medications, labs, procedures, demographics, family history']",27
gemma,01d59471-d3ce-4a2d-9f93-f43c9d4751ce,"['user', 'extract only symptoms and clinical findings', 'do not extract: diagnoses, medications, labs, procedures, demographics, family history']",28
gemma,3b34094c-0f9d-43da-8430-50c856709046,"['user', 'extract only symptoms and clinical findings', 'do not extract: diagnoses, medications, labs, procedures, demographics, family history']",26
gemma,3fc04136-f701-4597-9f9c-eea572c0fbfb,"['user', 'extract only symptoms and clinical findings', 'do not extract: diagnoses, medications, labs, procedures, demographics, family history']",15
gemma,88e29b09-a9ce-4234-83a0-00da4b0ea097,"['user', 'extract only symptoms and clinical findings', 'do not extract: diagnoses, medications, labs, procedures, demographics, family history']",28
gemma,0a3efec3-9534-45d6-9e91-cb8253d71aec,"['user', 'extract only symptoms and clinical findings', 'do not extract: diagnoses, medications, labs, procedures, demographics, family history']",13
gemma,997bb99b-0956-4037-ada7-2f623ca275f3,"['user', 'extract only symptoms and clinical findings', 'do not extract: diagnoses, medications, labs, procedures, demographics, family history']",14
gemma,4ae43152-039e-42f3-97b9-9d64cf42431f,"['user', 'extract only symptoms and clinical findings', 'do not extract: diagnoses, medications, labs, procedures, demographics, family history']",27
gemma,2e1fa77b-66fa-41a2-b331-e59143526bb0,"['user', 'extract only symptoms and clinical findings', 'do not extract: diagnoses, medications, labs, procedures, demographics, family history']",28
gemma,437622d7-3324-4c65-9e4c-5e004d57c2e3,"['user', 'extract only symptoms and clinical findings', 'do not extract: diagnoses, medications, labs, procedures, demographics, family history']",27
gemma,20fbd739-14e6-4194-96b6-f16bbb3c7434,"['user', 'extract only symptoms and clinical findings', 'do not extract: diagnoses, medications, labs, procedures, demographics, family history']",15
gemma,882d6b93-a5bf-4e78-8319-534543272521,"['user', 'extract only symptoms and clinical findings', 'do not extract: diagnoses, medications, labs, procedures, demographics, family history']",15
gemma,1788d171-f94f-42b1-8030-0f15244ff772,"['user', 'extract only symptoms and clinical findings', 'do not extract: diagnoses, medications, labs, procedures, demographics, family history']",13
gemma,50e9c9e8-07c4-4eb2-b570-1d05db079c37,"['user', 'extract only symptoms and clinical findings', 'do not extract: diagnoses, medications, labs, procedures, demographics, family history']",14
gemma,498aa006-9a35-4a59-b963-ab45cc8e1c86,"['user', 'extract only symptoms and clinical findings', 'do not extract: diagnoses, medications, labs, procedures, demographics, family history']",14
gemma,00acf888-aac8-4b00-ae57-857c3af23709,"['user', 'extract only symptoms and clinical findings', 'do not extract: diagnoses, medications, labs, procedures, demographics, family history']",14
gemma,b0ab9873-0100-4271-9178-4dc69e8990b4,"['user', 'extract only symptoms and clinical findings', 'do not extract: diagnoses, medications, labs, procedures, demographics, family history']",15
gemma,131262f7-4c97-4c30-96ae-39ce0ad09c68,"['user', 'extract only symptoms and clinical findings', 'do not extract: diagnoses, medications, labs, procedures, demographics, family history']",13
gemma,6124e7e7-ddb1-47ab-8bad-71ecf742e859,"['user', 'extract only symptoms and clinical findings', 'do not extract: diagnoses, medications, labs, procedures, demographics, family history']",14
gemma,20ae1ce7-1529-45fd-9b09-29955488ee61,"['user', 'extract only symptoms and clinical findings', 'do not extract: diagnoses, medications, labs, procedures, demographics, family history']",26
gemma,a7e2b271-9400-4930-9070-053893dadd18,"['user', 'extract only symptoms and clinical findings', 'do not extract: diagnoses, medications, labs, procedures, demographics, family history']",27
gemma,80fe99da-979c-4b01-8de6-07674f98f3f3,"['user', 'extract only symptoms and clinical findings', 'do not extract: diagnoses, medications, labs, procedures, demographics, family history']",28
gemma,180cfb0d-ce71-458a-a0dd-1a787f8b31ae,"['user', 'extract only symptoms and clinical findings', 'do not extract: diagnoses, medications, labs, procedures, demographics, family history']",13
gemma,bfa445eb-2cbe-40c3-9f4f-f46ead56dccf,"['user', 'extract only symptoms and clinical findings', 'do not extract: diagnoses, medications, labs, procedures, demographics, family history']",27
gemma,bab0c718-34ec-4712-99d3-853a8486382f,"['user', 'extract only symptoms and clinical findings', 'do not extract: diagnoses, medications, labs, procedures, demographics, family history']",26
gemma,4fa1ace5-3627-43f0-9277-bc96763cc1db,"['user', 'extract only symptoms and clinical findings', 'do not extract: diagnoses, medications, labs, procedures, demographics, family history']",13
gemma,56fca4d9-67f3-4cdb-ba95-f286d20f902a,"['user', 'extract only symptoms and clinical findings', 'do not extract: diagnoses, medications, labs, procedures, demographics, family history']",13
gemma,75eacd23-1d00-454e-99ab-51cf35f4b935,"['user', 'extract only symptoms and clinical findings', 'do not extract: diagnoses, medications, labs, procedures, demographics, family history']",27
gemma,c9e691f5-0e4c-465f-bd1b-34dc25bdfccd,"['user', 'extract only symptoms and clinical findings', 'do not extract: diagnoses, medications, labs, procedures, demographics, family history']",13
gemma,23475ffb-84ab-4d6a-98f7-fab55fa1ed1b,"['user', 'extract only symptoms and clinical findings', 'do not extract: diagnoses, medications, labs, procedures, demographics, family history']",14
gemma,6dc10c0f-6db9-42a2-8d52-ea6e3e6b6103,"['user', 'extract only symptoms and clinical findings', 'do not extract: diagnoses, medications, labs, procedures, demographics, family history']",27
gemma,7be77ec8-def8-4c01-b83b-082d9759c991,"['user', 'extract only symptoms and clinical findings', 'do not extract: diagnoses, medications, labs, procedures, demographics, family history']",13
gemma,44fcaa24-8c81-43fb-b4ed-b3b979e3a709,"['user', 'extract only symptoms and clinical findings', 'do not extract: diagnoses, medications, labs, procedures, demographics, family history']",12
gemma,5b6e76f0-38b5-4820-872c-bad86f567b60,"['user', 'extract only symptoms and clinical findings', 'do not extract: diagnoses, medications, labs, procedures, demographics, family history']",27
gemma,7f93f736-8d60-40e3-8971-f420c4ab893f,"['user', 'extract only symptoms and clinical findings', 'do not extract: diagnoses, medications, labs, procedures, demographics, family history']",14
gemma,cb98e448-6c82-4d20-8457-745bcba2c9f8,"['user', 'extract only symptoms and clinical findings', 'do not extract: diagnoses, medications, labs, procedures, demographics, family history']",13
gemma,e8477d2b-eaa0-4501-900c-355c7bc2e52e,"['user', 'extract only symptoms and clinical findings', 'do not extract: diagnoses, medications, labs, procedures, demographics, family history']",13
gemma,19d8de41-4241-491a-99b9-48da725c399d,"['user', 'extract only symptoms and clinical findings', 'do not extract: diagnoses, medications, labs, procedures, demographics, family history']",14
gemma,14203bbd-7cb1-46ba-a3d8-b78a399d4da4,"['user', 'extract only symptoms and clinical findings', 'do not extract: diagnoses, medications, labs, procedures, demographics, family history']",15
gemma,73441bdf-0da8-4084-8d2b-8803fba73909,"['user', 'extract only symptoms and clinical findings', 'do not extract: diagnoses, medications, labs, procedures, demographics, family history']",14
gemma,0f699ec7-c78d-4442-9bee-0b95aa5e9e30,"['user', 'extract only symptoms and clinical findings', 'do not extract: diagnoses, medications, labs, procedures, demographics, family history']",14
gemma,19b9bc61-c46c-42f8-a225-32554fb165ba,"['user', 'extract only symptoms and clinical findings', 'do not extract: diagnoses, medications, labs, procedures, demographics, family history']",14
gemma,1e44d9fa-0ed1-4aca-a2df-bad4c074adf6,"['user', 'extract only symptoms and clinical findings', 'do not extract: diagnoses, medications, labs, procedures, demographics, family history']",14
gemma,358e903e-180e-403d-b932-8338c86f10a5,"['user', 'extract only symptoms and clinical findings', 'do not extract: diagnoses, medications, labs, procedures, demographics, family history']",14
biomistral,f2daeda0-ae6d-403f-8389-e507e33bbdeb,"['extract only symptoms and clinical findings', 'do not extract: diagnoses, medications, labs, procedures, demographics, family history', 'do not include negated symptoms (e.g., ""denies chest pain"")']",23
biomistral,69fefbc6-5c78-4af2-b7cb-36ca45e4a5e4,"['extract only symptoms and clinical findings', 'do not extract: diagnoses, medications, labs, procedures, demographics, family history', 'do not include negated symptoms (e.g., ""denies chest pain"")']",9
biomistral,ac8c67b4-35ea-43ce-96d0-caa78545782b,"['extract only symptoms and clinical findings', 'do not extract: diagnoses, medications, labs, procedures, demographics, family history', 'do not include negated symptoms (e.g., ""denies chest pain"")']",10
biomistral,986098c0-7cb8-491f-ba75-0b3076b53afa,"['extract only symptoms and clinical findings', 'do not extract: diagnoses, medications, labs, procedures, demographics, family history', 'do not include negated symptoms (e.g., ""denies chest pain"")']",11
biomistral,160f51d9-30ec-4394-84b8-bee4bf581eb9,"['photophobia, migraine, unsteady gait, denies chest pain, denies fever']",1
biomistral,deb03746-3eb0-4e3e-ae96-d2fa57ea3f2a,"['extract only symptoms and clinical findings', 'do not extract: diagnoses, medications, labs, procedures, demographics, family history', 'do not include negated symptoms (e.g., ""denies chest pain"")']",10
biomistral,d16778d6-fb24-466f-9542-d3e25a0a4849,"['extract only symptoms and clinical findings', 'do not extract: diagnoses, medications, labs, procedures, demographics, family history', 'do not include negated symptoms (e.g., ""denies chest pain"")']",9
biomistral,1db99d0e-20d6-4da6-bd75-8259ad9c5622,"['extract only symptoms and clinical findings', 'do not extract: diagnoses, medications, labs, procedures, demographics, family history', 'do not include negated symptoms (e.g., ""denies chest pain"")']",8
biomistral,c61fa28c-dd09-45f7-9ae8-110c2fb532ed,"['extract only symptoms and clinical findings', 'do not extract: diagnoses, medications, labs, procedures, demographics, family history', 'do not include negated symptoms (e.g., ""denies chest pain"")']",10
biomistral,0bb9f9db-6e93-4f70-8226-5a62520eaad1,"['extract only symptoms and clinical findings', 'do not extract: diagnoses, medications, labs, procedures, demographics, family history', 'do not include negated symptoms (e.g., ""denies chest pain"")']",23
biomistral,a1fbf4c3-8ac6-4517-a6bd-a64636487b6c,"['extract only symptoms and clinical findings', 'do not extract: diagnoses, medications, labs, procedures, demographics, family history', 'do not include negated symptoms (e.g., ""denies chest pain"")']",9
biomistral,73e81b22-00ee-4940-b459-aa2680b555f3,"['extract only symptoms and clinical findings', 'do not extract: diagnoses, medications, labs, procedures, demographics, family history', 'do not include negated symptoms (e.g., ""denies chest pain"")']",11
biomistral,17e47e01-47c1-4d52-8e71-3d6632e1ec78,"['extract only symptoms and clinical findings', 'do not extract: diagnoses, medications, labs, procedures, demographics, family history', 'do not include negated symptoms (e.g., ""denies chest pain"")']",23
biomistral,59ea505e-ea90-46ac-8377-7f6a97b9c9b5,"['extract only symptoms and clinical findings', 'do not extract: diagnoses, medications, labs, procedures, demographics, family history', 'do not include negated symptoms (e.g., ""denies chest pain"")']",10
biomistral,b8338901-3081-4699-839e-bc07e68ca2d6,"['extract only symptoms and clinical findings', 'do not extract: diagnoses, medications, labs, procedures, demographics, family history', 'do not include negated symptoms (e.g., ""denies chest pain"")']",23
biomistral,e654947f-4055-495d-bfca-eb50f77f6e6b,"['extract only symptoms and clinical findings', 'do not extract: diagnoses, medications, labs, procedures, demographics, family history', 'do not include negated symptoms (e.g., ""denies chest pain"")']",10
biomistral,b9213ae2-00b9-4a5b-a292-2f0ceb841808,"['extract only symptoms and clinical findings', 'do not extract: diagnoses, medications, labs, procedures, demographics, family history', 'do not include negated symptoms (e.g., ""denies chest pain"")']",24
biomistral,b491fda5-7738-4e41-bdb6-e5b4299356da,"['extract only symptoms and clinical findings', 'do not extract: diagnoses, medications, labs, procedures, demographics, family history', 'do not include negated symptoms (e.g., ""denies chest pain"")']",10
biomistral,78930a10-0637-4158-8b15-c002835e3f00,"['extract only symptoms and clinical findings', 'do not extract: diagnoses, medications, labs, procedures, demographics, family history', 'do not include negated symptoms (e.g., ""denies chest pain"")']",10
biomistral,baf1dd40-42cf-43b7-a3ce-8697bdc5c933,"['extract only symptoms and clinical findings', 'do not extract: diagnoses, medications, labs, procedures, demographics, family history', 'do not include negated symptoms (e.g., ""denies chest pain"")']",8
biomistral,a27423e3-9668-4bf2-83ea-cc14054ec5b5,"['extract only symptoms and clinical findings', 'do not extract: diagnoses, medications, labs, procedures, demographics, family history', 'do not include negated symptoms (e.g., ""denies chest pain"")']",22
biomistral,7fc8c860-0686-46a1-aecf-76e2750bb409,"['extract only symptoms and clinical findings', 'do not extract: diagnoses, medications, labs, procedures, demographics, family history', 'do not include negated symptoms (e.g., ""denies chest pain"")']",9
biomistral,f7c65d71-66dd-4efc-8973-1ce6bffe07d8,"['extract only symptoms and clinical findings', 'do not extract: diagnoses, medications, labs, procedures, demographics, family history', 'do not include negated symptoms (e.g., ""denies chest pain"")']",23
biomistral,51d43d97-6fbd-4525-8f54-dea24ac42b83,"['extract only symptoms and clinical findings', 'do not extract: diagnoses, medications, labs, procedures, demographics, family history', 'do not include negated symptoms (e.g., ""denies chest pain"")']",23
biomistral,2efab6fe-0867-4655-a942-fe3d0ab10e1a,"['extract only symptoms and clinical findings', 'do not extract: diagnoses, medications, labs, procedures, demographics, family history', 'do not include negated symptoms (e.g., ""denies chest pain"")']",11
biomistral,175f9be8-8f11-445b-8783-acc3a20153dc,"['extract only symptoms and clinical findings', 'do not extract: diagnoses, medications, labs, procedures, demographics, family history', 'do not include negated symptoms (e.g., ""denies chest pain"")']",10
biomistral,4cf90d52-ce41-4945-be8b-e6c3ed398361,"['extract only symptoms and clinical findings', 'do not extract: diagnoses, medications, labs, procedures, demographics, family history', 'do not include negated symptoms (e.g., ""denies chest pain"")']",8
biomistral,3b8bd299-be8c-464e-ac1d-b0f0ff41cc82,"['extract only symptoms and clinical findings', 'do not extract: diagnoses, medications, labs, procedures, demographics, family history', 'do not include negated symptoms (e.g., ""denies chest pain"")']",11
biomistral,bbe738ee-eab6-4c3f-9ca3-83f87632a5f7,"['extract only symptoms and clinical findings', 'do not extract: diagnoses, medications, labs, procedures, demographics, family history', 'do not include negated symptoms (e.g., ""denies chest pain"")']",23
biomistral,a1f49252-7c2d-4c25-972e-817c64903660,"['extract only symptoms and clinical findings', 'do not extract: diagnoses, medications, labs, procedures, demographics, family history', 'do not include negated symptoms (e.g., ""denies chest pain"")']",23
biomistral,c0339b69-978f-4ffa-942b-5444fadf589a,"['extract only symptoms and clinical findings', 'do not extract: diagnoses, medications, labs, procedures, demographics, family history', 'do not include negated symptoms (e.g., ""denies chest pain"")']",23
biomistral,99f5c714-3cf7-404d-a1c3-c1ebb7f9289f,"['extract only symptoms and clinical findings', 'do not extract: diagnoses, medications, labs, procedures, demographics, family history', 'do not include negated symptoms (e.g., ""denies chest pain"")']",10
biomistral,67e908e1-0698-4ec1-96d1-6a2eb909598c,"['extract only symptoms and clinical findings', 'do not extract: diagnoses, medications, labs, procedures, demographics, family history', 'do not include negated symptoms (e.g., ""denies chest pain"")']",23
biomistral,079150a0-2df6-4f60-a585-af9a75a0900d,['shortness of breath-malaise-flushed appearance-cephalalgia-improving productive cough-chest discomfort'],1
biomistral,aebfab8d-30ff-42a2-be51-e7a6c070d99d,"['extract only symptoms and clinical findings', 'do not extract: diagnoses, medications, labs, procedures, demographics, family history', 'do not include negated symptoms (e.g., ""denies chest pain"")']",8
biomistral,da7bdb27-ce13-4ada-a29d-24ff66e01785,"['extract only symptoms and clinical findings', 'do not extract: diagnoses, medications, labs, procedures, demographics, family history', 'do not include negated symptoms (e.g., ""denies chest pain"")']",8
biomistral,1788d171-f94f-42b1-8030-0f15244ff772,"['extract only symptoms and clinical findings', 'do not extract: diagnoses, medications, labs, procedures, demographics, family history', 'do not include negated symptoms (e.g., ""denies chest pain"")']",8
biomistral,a7e2b271-9400-4930-9070-053893dadd18,"['extract only symptoms and clinical findings', 'do not extract: diagnoses, medications, labs, procedures, demographics, family history', 'do not include negated symptoms (e.g., ""denies chest pain"")']",23
biomistral,3d643d46-a228-40bd-bcd3-aa0f58f9ce6b,"['extract only symptoms and clinical findings', 'do not extract: diagnoses, medications, labs, procedures, demographics, family history', 'do not include negated symptoms (e.g., ""denies chest pain"")']",22
qwen,645cb62e-f0b4-42d5-acbb-df412d7fe071,"['system', 'you are qwen, created by alibaba cloud. you are a helpful assistant', 'user']",13
qwen,f2daeda0-ae6d-403f-8389-e507e33bbdeb,"['system', 'you are qwen, created by alibaba cloud. you are a helpful assistant', 'user']",29
qwen,495b2779-c31d-4db0-acfc-da5f5326da03,"['system', 'you are qwen, created by alibaba cloud. you are a helpful assistant', 'user']",29
qwen,eaf52c8f-0da7-481a-bf26-5ea13dba9137,"['system', 'you are qwen, created by alibaba cloud. you are a helpful assistant', 'user']",16
qwen,64fce315-68f3-4ea3-b18b-5f96229c199c,"['system', 'you are qwen, created by alibaba cloud. you are a helpful assistant', 'user']",16
qwen,98f695fb-eddc-4aa6-b0ab-1de01cafaca8,"['system', 'you are qwen, created by alibaba cloud. you are a helpful assistant', 'user']",28
qwen,8aeb3840-1318-4c0e-b60f-c3de9a120ab0,"['system', 'you are qwen, created by alibaba cloud. you are a helpful assistant', 'user']",16
qwen,faa66a82-5b6f-4849-8ab6-838033a4660a,"['system', 'you are qwen, created by alibaba cloud. you are a helpful assistant', 'user']",16
qwen,3dda27a6-c349-4720-ac3c-65c7b65057ee,"['system', 'you are qwen, created by alibaba cloud. you are a helpful assistant', 'user']",15
qwen,1b9178a3-ff3a-4f26-aea4-55f52006ab0d,"['system', 'you are qwen, created by alibaba cloud. you are a helpful assistant', 'user']",16
qwen,69fefbc6-5c78-4af2-b7cb-36ca45e4a5e4,"['system', 'you are qwen, created by alibaba cloud. you are a helpful assistant', 'user']",15
qwen,adcbe10b-1d72-4e9c-87b9-2b32a70dfb37,"['system', 'you are qwen, created by alibaba cloud. you are a helpful assistant', 'user']",17
qwen,462026d1-3057-4cd3-9a4c-383409819915,"['system', 'you are qwen, created by alibaba cloud. you are a helpful assistant', 'user']",26
qwen,b2e191a9-0fa8-4b9d-ae83-b1388ca6518e,"['system', 'you are qwen, created by alibaba cloud. you are a helpful assistant', 'user']",15
qwen,b1ff2441-2f92-47f8-91c0-82893a55a35f,"['system', 'you are qwen, created by alibaba cloud. you are a helpful assistant', 'user']",15
qwen,ac8c67b4-35ea-43ce-96d0-caa78545782b,"['system', 'you are qwen, created by alibaba cloud. you are a helpful assistant', 'user']",14
qwen,cf6fdaac-6127-4583-ab32-e10dbc6d8110,"['system', 'you are qwen, created by alibaba cloud. you are a helpful assistant', 'user']",31
qwen,e80f609f-f770-4162-8f0f-1180eed84f5f,"['system', 'you are qwen, created by alibaba cloud. you are a helpful assistant', 'user']",18
qwen,02da4773-e29e-4bf1-884e-a1866d1b9ece,"['system', 'you are qwen, created by alibaba cloud. you are a helpful assistant', 'user']",16
qwen,160f51d9-30ec-4394-84b8-bee4bf581eb9,"['system', 'you are qwen, created by alibaba cloud. you are a helpful assistant', 'user']",29
qwen,26adb4ff-f45e-4d52-876e-dea6e48f283d,"['system', 'you are qwen, created by alibaba cloud. you are a helpful assistant', 'user']",28
qwen,a349db9b-bb33-46a2-8354-1413cfdeb068,"['system', 'you are qwen, created by alibaba cloud. you are a helpful assistant', 'user']",17
qwen,d3382a7a-64e2-46bc-bc57-a7b6fbd3cb22,"['system', 'you are qwen, created by alibaba cloud. you are a helpful assistant', 'user']",27
qwen,93571b92-0574-4e35-9fb3-2c17c45c7cc6,"['system', 'you are qwen, created by alibaba cloud. you are a helpful assistant', 'user']",17
qwen,71984fcc-007d-41cc-ae8d-0acaa81a34ec,"['system', 'you are qwen, created by alibaba cloud. you are a helpful assistant', 'user']",16
qwen,530d4095-8889-41bc-9728-2ef05199b43e,"['system', 'you are qwen, created by alibaba cloud. you are a helpful assistant', 'user']",16
qwen,b89a24b3-7638-4109-8861-30dffc0b073b,"['system', 'you are qwen, created by alibaba cloud. you are a helpful assistant', 'user']",18
qwen,337ec9b5-a4b5-4221-a4a8-96aa8162bc66,"['system', 'you are qwen, created by alibaba cloud. you are a helpful assistant', 'user']",30
qwen,32115690-c2f7-4174-ae38-6f0998dba176,"['system', 'you are qwen, created by alibaba cloud. you are a helpful assistant', 'user']",16
qwen,5565c8fa-9c64-454e-9271-e0c4cd24f5ba,"['system', 'you are qwen, created by alibaba cloud. you are a helpful assistant', 'user']",29
qwen,511c5a37-ebfe-4a71-ae28-5d284dcb520d,"['system', 'you are qwen, created by alibaba cloud. you are a helpful assistant', 'user']",30
qwen,7ed7cf3a-845a-4971-90a9-69de6b12180e,"['system', 'you are qwen, created by alibaba cloud. you are a helpful assistant', 'user']",15
qwen,6b6f9d90-772c-42d0-bc39-cb3281a19ff9,"['system', 'you are qwen, created by alibaba cloud. you are a helpful assistant', 'user']",28
qwen,e0d8ccd4-85a1-4f7b-bac5-0ed7b445eeae,"['system', 'you are qwen, created by alibaba cloud. you are a helpful assistant', 'user']",30
qwen,21158bdf-93fc-4c71-a832-d779c6d7a6dc,"['system', 'you are qwen, created by alibaba cloud. you are a helpful assistant', 'user']",19
qwen,0e9f7884-c577-4375-808c-fe9ad206e768,"['system', 'you are qwen, created by alibaba cloud. you are a helpful assistant', 'user']",16
qwen,48250ffe-9927-49a2-bed2-9bbce8d8f280,"['system', 'you are qwen, created by alibaba cloud. you are a helpful assistant', 'user']",15
qwen,6a538edb-6ee9-4073-983c-c51bda50164a,"['system', 'you are qwen, created by alibaba cloud. you are a helpful assistant', 'user']",30
qwen,a4f967ba-b151-4896-8818-b8a24636bb52,"['system', 'you are qwen, created by alibaba cloud. you are a helpful assistant', 'user']",15
qwen,394d3fb5-7ce8-456f-8a95-458d70858be0,"['system', 'you are qwen, created by alibaba cloud. you are a helpful assistant', 'user']",30
qwen,23ce9cdd-3566-4e4c-8277-70c2d89bf094,"['system', 'you are qwen, created by alibaba cloud. you are a helpful assistant', 'user']",29
qwen,0124de1f-5380-43f9-9281-0895de242b0e,"['system', 'you are qwen, created by alibaba cloud. you are a helpful assistant', 'user']",18
qwen,9a9008d9-32d3-4367-9672-03343fab26c6,"['system', 'you are qwen, created by alibaba cloud. you are a helpful assistant', 'user']",28
qwen,6c0ef6d2-a879-436e-b926-209d84e44437,"['system', 'you are qwen, created by alibaba cloud. you are a helpful assistant', 'user']",14
qwen,0baf2795-35ec-4bcf-a71f-a2c4d5bb4567,"['system', 'you are qwen, created by alibaba cloud. you are a helpful assistant', 'user']",27
qwen,b335d364-696b-41c7-a3d0-26c26acff349,"['system', 'you are qwen, created by alibaba cloud. you are a helpful assistant', 'user']",30
qwen,566d7916-bda3-4a0b-95d9-38d6e4deb9e0,"['system', 'you are qwen, created by alibaba cloud. you are a helpful assistant', 'user']",16
qwen,18ec0531-9e1a-41f5-9d10-f602a848b717,"['system', 'you are qwen, created by alibaba cloud. you are a helpful assistant', 'user']",32
qwen,38739fe8-85e4-4c10-90b1-9007a6baf671,"['system', 'you are qwen, created by alibaba cloud. you are a helpful assistant', 'user']",14
qwen,cb3785ae-6eb5-4ce4-9cb9-9c4ef8ed34f4,"['system', 'you are qwen, created by alibaba cloud. you are a helpful assistant', 'user']",17
qwen,3e79df46-5367-47ec-8132-7573acd8d67a,"['system', 'you are qwen, created by alibaba cloud. you are a helpful assistant', 'user']",16
qwen,f6a9a489-2a58-413c-b476-e60af41f51ff,"['system', 'you are qwen, created by alibaba cloud. you are a helpful assistant', 'user']",29
qwen,d1069930-c9c7-4565-8644-41cf8ee2f633,"['system', 'you are qwen, created by alibaba cloud. you are a helpful assistant', 'user']",15
qwen,a1744fb8-6d51-4fea-ad8f-34b199c89d39,"['system', 'you are qwen, created by alibaba cloud. you are a helpful assistant', 'user']",29
qwen,5dfac141-e27c-4127-b4d0-cac2870b2dd8,"['system', 'you are qwen, created by alibaba cloud. you are a helpful assistant', 'user']",27
qwen,ce6f81d2-6445-43d5-920a-3354f8a48777,"['system', 'you are qwen, created by alibaba cloud. you are a helpful assistant', 'user']",15
qwen,91dacffa-2636-4a5b-a59a-d42632fe0b97,"['system', 'you are qwen, created by alibaba cloud. you are a helpful assistant', 'user']",16
qwen,5ef2069e-5724-474a-b05d-801bc40ec399,"['system', 'you are qwen, created by alibaba cloud. you are a helpful assistant', 'user']",16
qwen,4b58e49a-a313-49a6-9d6b-d00b4e91a4a9,"['system', 'you are qwen, created by alibaba cloud. you are a helpful assistant', 'user']",28
qwen,04e3b92f-ee08-4bf7-95f8-98ec0fbd08de,"['system', 'you are qwen, created by alibaba cloud. you are a helpful assistant', 'user']",29
qwen,508db8b3-f077-44a5-90a0-ed02f78ea516,"['system', 'you are qwen, created by alibaba cloud. you are a helpful assistant', 'user']",29
qwen,5bc8ce20-53af-4dbb-b0fd-be6e72b67243,"['system', 'you are qwen, created by alibaba cloud. you are a helpful assistant', 'user']",17
qwen,fbe1483a-a7ac-4148-a874-881daec2d838,"['system', 'you are qwen, created by alibaba cloud. you are a helpful assistant', 'user']",15
qwen,e3df9749-1449-43cc-ad6d-9cdbb8a7f702,"['system', 'you are qwen, created by alibaba cloud. you are a helpful assistant', 'user']",17
qwen,2d85bee9-034b-4f30-a01f-389afcbc364e,"['system', 'you are qwen, created by alibaba cloud. you are a helpful assistant', 'user']",16
qwen,515376a5-2063-4039-a680-80571015bfe8,"['system', 'you are qwen, created by alibaba cloud. you are a helpful assistant', 'user']",17
qwen,2e0b91a5-9273-4b8a-8b4a-7ddb383f827b,"['system', 'you are qwen, created by alibaba cloud. you are a helpful assistant', 'user']",18
qwen,235313bb-43af-4eaf-b296-c3a623b8a6a5,"['system', 'you are qwen, created by alibaba cloud. you are a helpful assistant', 'user']",29
qwen,d7ecbdee-e85e-49e9-aea6-514bbb9afed0,"['system', 'you are qwen, created by alibaba cloud. you are a helpful assistant', 'user']",15
qwen,e6a4666f-9ddb-469f-a3dc-0b1776eb6e62,"['system', 'you are qwen, created by alibaba cloud. you are a helpful assistant', 'user']",15
qwen,3803b896-8995-437a-aedb-a762c8a6ada0,"['system', 'you are qwen, created by alibaba cloud. you are a helpful assistant', 'user']",16
qwen,e2bbe6b9-7838-4fb5-aab2-9427597e1870,"['system', 'you are qwen, created by alibaba cloud. you are a helpful assistant', 'user']",30
qwen,73e81b22-00ee-4940-b459-aa2680b555f3,"['system', 'you are qwen, created by alibaba cloud. you are a helpful assistant', 'user']",19
qwen,2009d446-a198-4045-9123-c1162788f555,"['system', 'you are qwen, created by alibaba cloud. you are a helpful assistant', 'user']",14
qwen,abf5ac0f-3aa1-4321-9226-e4abba281292,"['system', 'you are qwen, created by alibaba cloud. you are a helpful assistant', 'user']",28
qwen,94385d33-d151-4544-8476-12fbc23191ad,"['system', 'you are qwen, created by alibaba cloud. you are a helpful assistant', 'user']",16
qwen,bf6db789-04c8-43d2-a7d4-ef8d19d3e4b0,"['system', 'you are qwen, created by alibaba cloud. you are a helpful assistant', 'user']",15
qwen,af7c0eb9-f7df-45c9-bd85-a82624bc4524,"['system', 'you are qwen, created by alibaba cloud. you are a helpful assistant', 'user']",29
qwen,2e0d3897-f10f-4429-aef6-776a7beb1240,"['system', 'you are qwen, created by alibaba cloud. you are a helpful assistant', 'user']",18
qwen,17e47e01-47c1-4d52-8e71-3d6632e1ec78,"['system', 'you are qwen, created by alibaba cloud. you are a helpful assistant', 'user']",30
qwen,a7bd1337-616d-44e0-ae64-b025d2625adc,"['system', 'you are qwen, created by alibaba cloud. you are a helpful assistant', 'user']",17
qwen,322d6c4d-389c-4640-be69-1339f46dfac8,"['system', 'you are qwen, created by alibaba cloud. you are a helpful assistant', 'user']",16
qwen,6974c3f2-467f-4173-86e5-3ee3696be221,"['system', 'you are qwen, created by alibaba cloud. you are a helpful assistant', 'user']",18
qwen,a351464a-effb-4f86-9804-f144755ab40f,"['system', 'you are qwen, created by alibaba cloud. you are a helpful assistant', 'user']",17
qwen,05993672-5eb1-4df8-bdcd-c2ec8c5a94e0,"['system', 'you are qwen, created by alibaba cloud. you are a helpful assistant', 'user']",17
qwen,c52ef69e-1387-45f7-adae-3117cbdd4525,"['system', 'you are qwen, created by alibaba cloud. you are a helpful assistant', 'user']",29
qwen,2583a74c-92f3-4c39-9142-0a4dd81fddec,"['system', 'you are qwen, created by alibaba cloud. you are a helpful assistant', 'user']",18
qwen,a35e6dc1-a305-4443-b5e7-c424494a996a,"['system', 'you are qwen, created by alibaba cloud. you are a helpful assistant', 'user']",16
qwen,7f0f4d01-015a-427b-8689-b8595461e57e,"['system', 'you are qwen, created by alibaba cloud. you are a helpful assistant', 'user']",16
qwen,c4cec3de-9d77-4859-9a05-568f5d09c1aa,"['system', 'you are qwen, created by alibaba cloud. you are a helpful assistant', 'user']",16
qwen,ae09c3c2-5edd-47e7-90b4-5fde91092a0e,"['system', 'you are qwen, created by alibaba cloud. you are a helpful assistant', 'user']",16
qwen,ad3dd61b-dd01-4319-b0f8-30f06f97ca99,"['system', 'you are qwen, created by alibaba cloud. you are a helpful assistant', 'user']",16
qwen,9c541bfd-8142-4b81-81b1-6208dd6ceafb,"['system', 'you are qwen, created by alibaba cloud. you are a helpful assistant', 'user']",30
qwen,4d8d4615-496f-4bf2-aeb6-ffae18bc46d6,"['system', 'you are qwen, created by alibaba cloud. you are a helpful assistant', 'user']",16
qwen,bcae3cc0-9fbb-4f26-b0cb-043bccaa66b4,"['system', 'you are qwen, created by alibaba cloud. you are a helpful assistant', 'user']",15
qwen,3dc5c90d-f676-42fc-8889-16b8a7b59d89,"['system', 'you are qwen, created by alibaba cloud. you are a helpful assistant', 'user']",31
qwen,cf214160-b506-4ca9-ad65-c2f5e162b6a6,"['system', 'you are qwen, created by alibaba cloud. you are a helpful assistant', 'user']",16
qwen,79cd8ef1-9f1b-459a-9530-77c14da0c009,"['system', 'you are qwen, created by alibaba cloud. you are a helpful assistant', 'user']",15
qwen,e654947f-4055-495d-bfca-eb50f77f6e6b,"['system', 'you are qwen, created by alibaba cloud. you are a helpful assistant', 'user']",16
qwen,eb2d4ef6-2d6f-4e5e-b33b-218bee1eb6fb,"['system', 'you are qwen, created by alibaba cloud. you are a helpful assistant', 'user']",14
qwen,2406336a-a2f6-453d-a3a6-c1193d111fec,"['system', 'you are qwen, created by alibaba cloud. you are a helpful assistant', 'user']",17
qwen,f3ab95d2-1fa8-4630-a830-a5122685fabe,"['system', 'you are qwen, created by alibaba cloud. you are a helpful assistant', 'user']",15
qwen,7c713468-d0f4-44a5-b1a1-2a4720e361e3,"['system', 'you are qwen, created by alibaba cloud. you are a helpful assistant', 'user']",16
qwen,0b2f71b7-5df5-4cbe-85ce-993296ebdcbe,"['system', 'you are qwen, created by alibaba cloud. you are a helpful assistant', 'user']",18
qwen,a2196b4c-cd29-4301-b8ed-e7ab68b5c495,"['system', 'you are qwen, created by alibaba cloud. you are a helpful assistant', 'user']",16
qwen,4d41f2ae-b951-4e06-a833-418681ade3da,"['system', 'you are qwen, created by alibaba cloud. you are a helpful assistant', 'user']",16
qwen,8df17e6a-fd56-4deb-8766-644ba6a8e34e,"['system', 'you are qwen, created by alibaba cloud. you are a helpful assistant', 'user']",16
qwen,45e6d9a0-4044-49f5-ac64-f37dd14bbf87,"['system', 'you are qwen, created by alibaba cloud. you are a helpful assistant', 'user']",15
qwen,7a8f78c6-0337-4d7a-a93d-190b4e7a057b,"['system', 'you are qwen, created by alibaba cloud. you are a helpful assistant', 'user']",16
qwen,c4dfcb83-6153-4e69-8fba-a1d69342de61,"['system', 'you are qwen, created by alibaba cloud. you are a helpful assistant', 'user']",19
qwen,5e4cec3e-599b-414b-848e-b1680b0c1ce2,"['system', 'you are qwen, created by alibaba cloud. you are a helpful assistant', 'user']",16
qwen,33b48c25-726b-4804-a504-b0791ca5bd7f,"['system', 'you are qwen, created by alibaba cloud. you are a helpful assistant', 'user']",16
qwen,78930a10-0637-4158-8b15-c002835e3f00,"['system', 'you are qwen, created by alibaba cloud. you are a helpful assistant', 'user']",16
qwen,3f875bb4-0a56-4a45-90c1-4182a2f8948e,"['system', 'you are qwen, created by alibaba cloud. you are a helpful assistant', 'user']",29
qwen,baf1dd40-42cf-43b7-a3ce-8697bdc5c933,"['system', 'you are qwen, created by alibaba cloud. you are a helpful assistant', 'user']",14
qwen,8c6d5c80-586e-4b13-bd7f-faf12cf3ab50,"['system', 'you are qwen, created by alibaba cloud. you are a helpful assistant', 'user']",15
qwen,ba4896b7-0b32-43ba-aa60-f94e5b2bad83,"['system', 'you are qwen, created by alibaba cloud. you are a helpful assistant', 'user']",15
qwen,3f5502ec-d694-49d0-b049-d83bb908b3c6,"['system', 'you are qwen, created by alibaba cloud. you are a helpful assistant', 'user']",17
qwen,e720728f-1f30-4daa-9ead-4a984a6bade6,"['system', 'you are qwen, created by alibaba cloud. you are a helpful assistant', 'user']",15
qwen,45f51e5d-528f-4529-a015-d0b661966d7a,"['system', 'you are qwen, created by alibaba cloud. you are a helpful assistant', 'user']",15
qwen,32679318-9d69-4476-ae4c-031f314e582f,"['system', 'you are qwen, created by alibaba cloud. you are a helpful assistant', 'user']",28
qwen,711fd28b-f446-4783-97d8-f8000c45698f,"['system', 'you are qwen, created by alibaba cloud. you are a helpful assistant', 'user']",15
qwen,6a5724d8-20e6-40ab-ac87-8907679ba6d6,"['system', 'you are qwen, created by alibaba cloud. you are a helpful assistant', 'user']",30
qwen,15c746ab-2fef-4303-9b8e-b6add2d31f5e,"['system', 'you are qwen, created by alibaba cloud. you are a helpful assistant', 'user']",17
qwen,4bb6b9e1-6d0a-4837-b28d-48ca0633b1b5,"['system', 'you are qwen, created by alibaba cloud. you are a helpful assistant', 'user']",29
qwen,d3057ff2-f5d9-4812-ba96-576e310a308b,"['system', 'you are qwen, created by alibaba cloud. you are a helpful assistant', 'user']",17
qwen,a27423e3-9668-4bf2-83ea-cc14054ec5b5,"['system', 'you are qwen, created by alibaba cloud. you are a helpful assistant', 'user']",29
qwen,66481868-7ae1-483f-a0cf-7a0fa8305981,"['system', 'you are qwen, created by alibaba cloud. you are a helpful assistant', 'user']",28
qwen,98ee83f9-71ad-4b82-806b-108b90cfded2,"['system', 'you are qwen, created by alibaba cloud. you are a helpful assistant', 'user']",29
qwen,aed7ca01-2af3-4799-ac88-490d5515908e,"['system', 'you are qwen, created by alibaba cloud. you are a helpful assistant', 'user']",28
qwen,f2dd9705-a854-4907-b6d7-e3647b6c9ab6,"['system', 'you are qwen, created by alibaba cloud. you are a helpful assistant', 'user']",16
qwen,ed5a482d-9d51-46b6-9fc8-dc7efd09fc4a,"['system', 'you are qwen, created by alibaba cloud. you are a helpful assistant', 'user']",28
qwen,790dc471-6392-40b4-8f60-a45f42c31987,"['system', 'you are qwen, created by alibaba cloud. you are a helpful assistant', 'user']",29
qwen,931bf202-6ecb-47a7-a332-7c94da970954,"['system', 'you are qwen, created by alibaba cloud. you are a helpful assistant', 'user']",16
qwen,646e8956-1ec7-4ca0-bb24-00aa3f118f72,"['system', 'you are qwen, created by alibaba cloud. you are a helpful assistant', 'user']",30
qwen,b075ea54-1146-4e67-9dd2-e5b84557e206,"['system', 'you are qwen, created by alibaba cloud. you are a helpful assistant', 'user']",17
qwen,30f7addc-f7c2-47b6-bb5e-e62323e2d8db,"['system', 'you are qwen, created by alibaba cloud. you are a helpful assistant', 'user']",14
qwen,8eec8316-d841-4fb7-ae5f-ed16942dd356,"['system', 'you are qwen, created by alibaba cloud. you are a helpful assistant', 'user']",17
qwen,656eb105-345c-400c-bb1f-034c77336899,"['system', 'you are qwen, created by alibaba cloud. you are a helpful assistant', 'user']",16
qwen,d055d218-0faf-4390-aa10-4e540dfe161b,"['system', 'you are qwen, created by alibaba cloud. you are a helpful assistant', 'user']",18
qwen,13f951da-1f8c-44ec-835f-2b26ca0cf4ae,"['system', 'you are qwen, created by alibaba cloud. you are a helpful assistant', 'user']",30
qwen,06d3cd7b-e3ef-42e3-8d8a-2c95eafcba2f,"['system', 'you are qwen, created by alibaba cloud. you are a helpful assistant', 'user']",16
qwen,95b7ff99-4add-4c49-9203-03bacfff1a50,"['system', 'you are qwen, created by alibaba cloud. you are a helpful assistant', 'user']",16
qwen,9993c7fa-db78-4ca2-965c-d61c89e1e483,"['system', 'you are qwen, created by alibaba cloud. you are a helpful assistant', 'user']",29
qwen,4ce15bbc-71c5-442e-bb6f-f907e471aa6f,"['system', 'you are qwen, created by alibaba cloud. you are a helpful assistant', 'user']",15
qwen,ad3900a4-dac5-447c-bba2-fa7b4def76e0,"['system', 'you are qwen, created by alibaba cloud. you are a helpful assistant', 'user']",30
qwen,c8d677c1-86e6-4140-91a9-0d6243770010,"['system', 'you are qwen, created by alibaba cloud. you are a helpful assistant', 'user']",17
qwen,708bc893-bc42-4ab7-ba6c-9716dfba9f41,"['system', 'you are qwen, created by alibaba cloud. you are a helpful assistant', 'user']",15
qwen,f0938690-91fb-42cb-9e42-e3a5e76a354f,"['system', 'you are qwen, created by alibaba cloud. you are a helpful assistant', 'user']",15
qwen,d3f3a499-ab3e-478b-b879-163e2327c8f5,"['system', 'you are qwen, created by alibaba cloud. you are a helpful assistant', 'user']",16
qwen,01ec8c4f-ca2b-4676-8320-ec97468d3466,"['system', 'you are qwen, created by alibaba cloud. you are a helpful assistant', 'user']",29
qwen,c3c644f1-acae-4dd7-a7f9-5a13a612f57a,"['system', 'you are qwen, created by alibaba cloud. you are a helpful assistant', 'user']",18
qwen,5ac67be8-e2b8-4159-9416-ddf3e18540ce,"['system', 'you are qwen, created by alibaba cloud. you are a helpful assistant', 'user']",17
qwen,b1ff6822-fa98-4b50-b1fd-43c5b7e2b820,"['system', 'you are qwen, created by alibaba cloud. you are a helpful assistant', 'user']",16
qwen,96f84f84-b49b-496f-96d7-fe546d7513b9,"['system', 'you are qwen, created by alibaba cloud. you are a helpful assistant', 'user']",15
qwen,2efab6fe-0867-4655-a942-fe3d0ab10e1a,"['system', 'you are qwen, created by alibaba cloud. you are a helpful assistant', 'user']",16
qwen,b1eb2fdc-dd39-4b96-b054-67f964565c10,"['system', 'you are qwen, created by alibaba cloud. you are a helpful assistant', 'user']",15
qwen,175f9be8-8f11-445b-8783-acc3a20153dc,"['system', 'you are qwen, created by alibaba cloud. you are a helpful assistant', 'user']",15
qwen,8da2a70e-f1d0-4a51-b580-c25599277604,"['system', 'you are qwen, created by alibaba cloud. you are a helpful assistant', 'user']",16
qwen,2330db1e-f5a6-418c-bf1c-434f8aeca09c,"['system', 'you are qwen, created by alibaba cloud. you are a helpful assistant', 'user']",28
qwen,4cf90d52-ce41-4945-be8b-e6c3ed398361,"['system', 'you are qwen, created by alibaba cloud. you are a helpful assistant', 'user']",15
qwen,992e0cc2-4f06-40b9-bc3b-83b76d070592,"['system', 'you are qwen, created by alibaba cloud. you are a helpful assistant', 'user']",29
qwen,4d78e6b5-c4c5-4af6-b04a-00197490b116,"['system', 'you are qwen, created by alibaba cloud. you are a helpful assistant', 'user']",30
qwen,9b72f648-5680-4dc4-a17a-8a56801255ca,"['system', 'you are qwen, created by alibaba cloud. you are a helpful assistant', 'user']",28
qwen,a9ca262c-ce8f-48ae-b93b-3d32b0c05326,"['system', 'you are qwen, created by alibaba cloud. you are a helpful assistant', 'user']",31
qwen,4bd477f3-87ee-4aa8-9bbe-a5c70bd2a82f,"['system', 'you are qwen, created by alibaba cloud. you are a helpful assistant', 'user']",14
qwen,4edaddc7-3938-42b7-bcc5-6354aa0169a4,"['system', 'you are qwen, created by alibaba cloud. you are a helpful assistant', 'user']",16
qwen,377f839f-5e4e-4a64-8aaa-adf065eea742,"['system', 'you are qwen, created by alibaba cloud. you are a helpful assistant', 'user']",15
qwen,69db5499-5a98-4d34-b3eb-49250ca270cd,"['system', 'you are qwen, created by alibaba cloud. you are a helpful assistant', 'user']",15
qwen,734a50e8-cf2d-4795-b2a9-1317b8bba401,"['system', 'you are qwen, created by alibaba cloud. you are a helpful assistant', 'user']",16
qwen,0b995475-33b9-4b1c-bab9-d8524489dd4e,"['system', 'you are qwen, created by alibaba cloud. you are a helpful assistant', 'user']",28
qwen,6783f9ef-bf4e-4eb4-b015-5d25ec716d21,"['system', 'you are qwen, created by alibaba cloud. you are a helpful assistant', 'user']",30
qwen,e171a2d5-adc8-4727-a0ab-8e2d8c55e9f1,"['system', 'you are qwen, created by alibaba cloud. you are a helpful assistant', 'user']",16
qwen,7d18612c-554f-431f-aa5a-2556719f12de,"['system', 'you are qwen, created by alibaba cloud. you are a helpful assistant', 'user']",17
qwen,fde97d54-f117-436a-aebf-d6e69bbd4884,"['system', 'you are qwen, created by alibaba cloud. you are a helpful assistant', 'user']",17
qwen,39723eb1-fcbc-440b-ae1a-febd2df88b75,"['system', 'you are qwen, created by alibaba cloud. you are a helpful assistant', 'user']",16
qwen,25746de7-80ce-45bd-ad81-4e109f0fcc77,"['system', 'you are qwen, created by alibaba cloud. you are a helpful assistant', 'user']",16
qwen,d4c77818-75e9-43cb-8d1b-7c8e6408192c,"['system', 'you are qwen, created by alibaba cloud. you are a helpful assistant', 'user']",18
qwen,530d5f51-2797-459b-89b9-d928f0c4a720,"['system', 'you are qwen, created by alibaba cloud. you are a helpful assistant', 'user']",14
qwen,5464f821-7b1d-469d-85ee-07d590919a2a,"['system', 'you are qwen, created by alibaba cloud. you are a helpful assistant', 'user']",17
qwen,21fb6d32-5682-4fa3-b6c3-771e205fa348,"['system', 'you are qwen, created by alibaba cloud. you are a helpful assistant', 'user']",27
qwen,9f4cd694-61c1-45f3-9ac0-568673876837,"['system', 'you are qwen, created by alibaba cloud. you are a helpful assistant', 'user']",15
qwen,d950a58a-0aef-41f2-b8ba-9f2fea717a47,"['system', 'you are qwen, created by alibaba cloud. you are a helpful assistant', 'user']",29
qwen,7f96a112-2acd-40ad-bae0-0002c58a6801,"['system', 'you are qwen, created by alibaba cloud. you are a helpful assistant', 'user']",16
qwen,7a6f5d51-2b69-44cb-ba63-1a1ad543b604,"['system', 'you are qwen, created by alibaba cloud. you are a helpful assistant', 'user']",16
qwen,19003d63-afe9-4e62-b0a4-85cf14af4228,"['system', 'you are qwen, created by alibaba cloud. you are a helpful assistant', 'user']",16
qwen,6cc4d957-d61a-4e26-9ca3-351a9170f01b,"['system', 'you are qwen, created by alibaba cloud. you are a helpful assistant', 'user']",14
qwen,bac1aafd-aaa3-4a21-a20a-83f4c3c10f28,"['system', 'you are qwen, created by alibaba cloud. you are a helpful assistant', 'user']",16
qwen,510d3ba7-bd1e-47d7-a639-187de73ceb94,"['system', 'you are qwen, created by alibaba cloud. you are a helpful assistant', 'user']",14
qwen,0fe56e2d-d4f1-4b39-b19c-289b86697a5b,"['system', 'you are qwen, created by alibaba cloud. you are a helpful assistant', 'user']",16
qwen,01945e53-48d9-4b92-8a8a-ca44c5096794,"['system', 'you are qwen, created by alibaba cloud. you are a helpful assistant', 'user']",29
qwen,17c5656a-7219-4c81-8ffa-386f945da2e9,"['system', 'you are qwen, created by alibaba cloud. you are a helpful assistant', 'user']",16
qwen,94fb0010-6208-4482-8040-4a08c7e5a8f8,"['system', 'you are qwen, created by alibaba cloud. you are a helpful assistant', 'user']",16
qwen,33e1bf2d-e705-440b-ace1-74a504ef30b7,"['system', 'you are qwen, created by alibaba cloud. you are a helpful assistant', 'user']",16
qwen,28dd2b1f-8458-4766-b446-3985b1ca1318,"['system', 'you are qwen, created by alibaba cloud. you are a helpful assistant', 'user']",17
qwen,2a38f4c6-28dc-41f0-a9e5-f059f829b7a4,"['system', 'you are qwen, created by alibaba cloud. you are a helpful assistant', 'user']",30
qwen,74629480-3434-4281-af97-998c39d48de0,"['system', 'you are qwen, created by alibaba cloud. you are a helpful assistant', 'user']",29
qwen,e04d5b55-c904-433b-8433-e5dbae13ee12,"['system', 'you are qwen, created by alibaba cloud. you are a helpful assistant', 'user']",16
qwen,f9463ea7-72c8-41ff-bbc7-aa65e1ba0e1b,"['system', 'you are qwen, created by alibaba cloud. you are a helpful assistant', 'user']",29
qwen,951c3502-d1bd-40df-b9af-c0fe6ab9ecdb,"['system', 'you are qwen, created by alibaba cloud. you are a helpful assistant', 'user']",16
qwen,976561e9-329b-4016-b968-f8b7f8fc004f,"['system', 'you are qwen, created by alibaba cloud. you are a helpful assistant', 'user']",16
qwen,00978ece-4788-4b0e-a582-da67d7c13af9,"['system', 'you are qwen, created by alibaba cloud. you are a helpful assistant', 'user']",15
qwen,a032f10c-baaf-4680-b9c3-d40c3659c0b9,"['system', 'you are qwen, created by alibaba cloud. you are a helpful assistant', 'user']",17
qwen,f965f133-5274-4da2-92fd-2a4a356d8416,"['system', 'you are qwen, created by alibaba cloud. you are a helpful assistant', 'user']",16
qwen,4d090f9c-d60c-4cbe-946e-9cbd419073bb,"['system', 'you are qwen, created by alibaba cloud. you are a helpful assistant', 'user']",16
qwen,b6f397f1-22f0-4265-9438-2db9f5246901,"['system', 'you are qwen, created by alibaba cloud. you are a helpful assistant', 'user']",30
qwen,50bf1b6d-bcb4-4eaa-8f8b-18e8303f0323,"['system', 'you are qwen, created by alibaba cloud. you are a helpful assistant', 'user']",17
qwen,88787b72-60f2-4958-905d-96f8a864bd35,"['system', 'you are qwen, created by alibaba cloud. you are a helpful assistant', 'user']",15
qwen,bf8aa7c2-d608-4436-a645-8141e2967b76,"['system', 'you are qwen, created by alibaba cloud. you are a helpful assistant', 'user']",31
qwen,d0ecabe3-b04e-4453-9c3c-2b6d5a0d2fc1,"['system', 'you are qwen, created by alibaba cloud. you are a helpful assistant', 'user']",17
qwen,11f20f6d-2aee-4b26-ba29-98e568eef0cb,"['system', 'you are qwen, created by alibaba cloud. you are a helpful assistant', 'user']",30
qwen,9304ac10-ac72-42fe-ba09-f9f8563fccc1,"['system', 'you are qwen, created by alibaba cloud. you are a helpful assistant', 'user']",16
qwen,623e7e66-9ff8-4f9e-848f-a6180faa8518,"['system', 'you are qwen, created by alibaba cloud. you are a helpful assistant', 'user']",27
qwen,bb15f5d5-c684-403c-abdc-b6764a4ba8fb,"['system', 'you are qwen, created by alibaba cloud. you are a helpful assistant', 'user']",16
qwen,9af98fb2-af4b-4f89-b966-d3e58d238667,"['system', 'you are qwen, created by alibaba cloud. you are a helpful assistant', 'user']",16
qwen,a852d7bb-995c-4105-bfbf-ead639520de0,"['system', 'you are qwen, created by alibaba cloud. you are a helpful assistant', 'user']",29
qwen,bcbe6e48-c901-475c-9ba8-d4408df317fe,"['system', 'you are qwen, created by alibaba cloud. you are a helpful assistant', 'user']",16
qwen,3b34094c-0f9d-43da-8430-50c856709046,"['system', 'you are qwen, created by alibaba cloud. you are a helpful assistant', 'user']",29
qwen,3fc04136-f701-4597-9f9c-eea572c0fbfb,"['system', 'you are qwen, created by alibaba cloud. you are a helpful assistant', 'user']",17
qwen,88e29b09-a9ce-4234-83a0-00da4b0ea097,"['system', 'you are qwen, created by alibaba cloud. you are a helpful assistant', 'user']",30
qwen,0a3efec3-9534-45d6-9e91-cb8253d71aec,"['system', 'you are qwen, created by alibaba cloud. you are a helpful assistant', 'user']",15
qwen,997bb99b-0956-4037-ada7-2f623ca275f3,"['system', 'you are qwen, created by alibaba cloud. you are a helpful assistant', 'user']",13
qwen,4ae43152-039e-42f3-97b9-9d64cf42431f,"['system', 'you are qwen, created by alibaba cloud. you are a helpful assistant', 'user']",29
qwen,e653e9a1-ea0b-4659-b315-0005f6988edc,"['system', 'you are qwen, created by alibaba cloud. you are a helpful assistant', 'user']",30
qwen,20fbd739-14e6-4194-96b6-f16bbb3c7434,"['system', 'you are qwen, created by alibaba cloud. you are a helpful assistant', 'user']",17
qwen,882d6b93-a5bf-4e78-8319-534543272521,"['system', 'you are qwen, created by alibaba cloud. you are a helpful assistant', 'user']",16
qwen,f5d133cc-925a-413a-86e9-b157683c9b50,"['system', 'you are qwen, created by alibaba cloud. you are a helpful assistant', 'user']",17
qwen,1788d171-f94f-42b1-8030-0f15244ff772,"['system', 'you are qwen, created by alibaba cloud. you are a helpful assistant', 'user']",15
qwen,a27c8618-9aa1-42dd-a948-61484f076d32,"['system', 'you are qwen, created by alibaba cloud. you are a helpful assistant', 'user']",29
qwen,498aa006-9a35-4a59-b963-ab45cc8e1c86,"['system', 'you are qwen, created by alibaba cloud. you are a helpful assistant', 'user']",16
qwen,f401ea05-66e6-4f87-82d0-b781486dda6f,"['system', 'you are qwen, created by alibaba cloud. you are a helpful assistant', 'user']",18
qwen,c9e2858d-8b76-4110-b04f-af9c0dd610ae,"['system', 'you are qwen, created by alibaba cloud. you are a helpful assistant', 'user']",17
qwen,00acf888-aac8-4b00-ae57-857c3af23709,"['system', 'you are qwen, created by alibaba cloud. you are a helpful assistant', 'user']",14
qwen,b0ab9873-0100-4271-9178-4dc69e8990b4,"['system', 'you are qwen, created by alibaba cloud. you are a helpful assistant', 'user']",16
qwen,131262f7-4c97-4c30-96ae-39ce0ad09c68,"['system', 'you are qwen, created by alibaba cloud. you are a helpful assistant', 'user']",15
qwen,fad3d713-a448-43ba-a124-684ecd3d9cd6,"['system', 'you are qwen, created by alibaba cloud. you are a helpful assistant', 'user']",28
qwen,6124e7e7-ddb1-47ab-8bad-71ecf742e859,"['system', 'you are qwen, created by alibaba cloud. you are a helpful assistant', 'user']",16
qwen,20ae1ce7-1529-45fd-9b09-29955488ee61,"['system', 'you are qwen, created by alibaba cloud. you are a helpful assistant', 'user']",28
qwen,180cfb0d-ce71-458a-a0dd-1a787f8b31ae,"['system', 'you are qwen, created by alibaba cloud. you are a helpful assistant', 'user']",16
qwen,bfa445eb-2cbe-40c3-9f4f-f46ead56dccf,"['system', 'you are qwen, created by alibaba cloud. you are a helpful assistant', 'user']",29
qwen,bab0c718-34ec-4712-99d3-853a8486382f,"['system', 'you are qwen, created by alibaba cloud. you are a helpful assistant', 'user']",29
qwen,0e408872-2faf-45b6-a0b2-501d0ff68036,"['system', 'you are qwen, created by alibaba cloud. you are a helpful assistant', 'user']",17
qwen,4fa1ace5-3627-43f0-9277-bc96763cc1db,"['system', 'you are qwen, created by alibaba cloud. you are a helpful assistant', 'user']",15
qwen,56fca4d9-67f3-4cdb-ba95-f286d20f902a,"['system', 'you are qwen, created by alibaba cloud. you are a helpful assistant', 'user']",15
qwen,75eacd23-1d00-454e-99ab-51cf35f4b935,"['system', 'you are qwen, created by alibaba cloud. you are a helpful assistant', 'user']",29
qwen,c9e691f5-0e4c-465f-bd1b-34dc25bdfccd,"['system', 'you are qwen, created by alibaba cloud. you are a helpful assistant', 'user']",15
qwen,23475ffb-84ab-4d6a-98f7-fab55fa1ed1b,"['system', 'you are qwen, created by alibaba cloud. you are a helpful assistant', 'user']",17
qwen,6dc10c0f-6db9-42a2-8d52-ea6e3e6b6103,"['system', 'you are qwen, created by alibaba cloud. you are a helpful assistant', 'user']",31
qwen,7be77ec8-def8-4c01-b83b-082d9759c991,"['system', 'you are qwen, created by alibaba cloud. you are a helpful assistant', 'user']",15
qwen,5b6e76f0-38b5-4820-872c-bad86f567b60,"['system', 'you are qwen, created by alibaba cloud. you are a helpful assistant', 'user']",29
qwen,7f93f736-8d60-40e3-8971-f420c4ab893f,"['system', 'you are qwen, created by alibaba cloud. you are a helpful assistant', 'user']",16
qwen,e8477d2b-eaa0-4501-900c-355c7bc2e52e,"['system', 'you are qwen, created by alibaba cloud. you are a helpful assistant', 'user']",15
qwen,14203bbd-7cb1-46ba-a3d8-b78a399d4da4,"['system', 'you are qwen, created by alibaba cloud. you are a helpful assistant', 'user']",17
qwen,73441bdf-0da8-4084-8d2b-8803fba73909,"['system', 'you are qwen, created by alibaba cloud. you are a helpful assistant', 'user']",16
qwen,55206242-7679-4cd1-b4ea-3cbb15d1d111,"['system', 'you are qwen, created by alibaba cloud. you are a helpful assistant', 'user']",13
qwen,734df4c2-a893-40c4-86f8-5c269ca5eae9,"['system', 'you are qwen, created by alibaba cloud. you are a helpful assistant', 'user']",15
qwen,1e44d9fa-0ed1-4aca-a2df-bad4c074adf6,"['system', 'you are qwen, created by alibaba cloud. you are a helpful assistant', 'user']",16
qwen,358e903e-180e-403d-b932-8338c86f10a5,"['system', 'you are qwen, created by alibaba cloud. you are a helpful assistant', 'user']",16
